Op,FName,Index,GMS v12,,GMS v83,,GMS v87,,GMS v92,,GMS v95,,GMS v111,,JMS v185
LOGIN_PASSWORD,CLogin::SendCheckPasswordPacket,1,0x001,1,0x001,1,0x001,1,0x001,1,0x001,21,0x015,1,0x001
GUEST_LOGIN,,,0x000,2,0x002,2,0x002,2,0x002,2,0x002,22,0x016,2,0x002
ACCOUNT_INFO_REQUEST,,,0x000,3,0x003,3,0x003,3,0x003,3,0x003,23,0x017,,0x000
SERVERLIST_REREQUEST,"CLogin::Init
CLogin::ChangeStepImmediate",,0x000,4,0x004,4,0x004,4,0x004,4,0x004,24,0x018,3,0x003
CHARLIST_REQUEST,CLogin::SendLoginPacket,2,0x002,5,0x005,5,0x005,5,0x005,5,0x005,25,0x019,4,0x004
SERVERSTATUS_REQUEST,CLogin::SendCheckUserLimitPacket,3,0x003,6,0x006,6,0x006,6,0x006,6,0x006,26,0x01A,5,0x005
ACCEPT_TOS,"CLogin::OnAcceptLicense
CLogin::OnDenyLicense",4,0x004,7,0x007,7,0x007,7,0x007,7,0x007,27,0x01B,,0x000
SET_GENDER,"CLogin::SendSetGenderPacket
CLogin::SendCancelGenderPacket",5,0x005,8,0x008,8,0x008,8,0x008,8,0x008,28,0x01C,,0x000
AFTER_LOGIN,"CLogin::OnSetAccountResult
CLogin::OnCheckPinCodeResult
CLogin::OnCheckPasswordResult
CLogin::OnSelectWorldResult",6,0x006,9,0x009,9,0x009,9,0x009,9,0x009,29,0x01D,,0x000
REGISTER_PIN,CLogin::OnCheckPinCodeResult,7,0x007,10,0x00A,10,0x00A,10,0x00A,10,0x00A,30,0x01E,,0x000
SERVERLIST_REQUEST,"CLogin::OnCheckPinCodeResult
CLogin::OnCheckPasswordResult
CLicenseDlg::OnButtonClicked",8,0x008,11,0x00B,11,0x00B,11,0x00B,11,0x00B,31,0x01F,,0x000
PLAYER_DC,"CLogin::GotoWorldSelect
CLogin::SendViewAllCharPacket",,0x000,12,0x00C,12,0x00C,12,0x00C,12,0x00C,32,0x020,,0x000
VIEW_ALL_CHAR,CLogin::SendViewAllCharPacket,,0x000,13,0x00D,13,0x00D,13,0x00D,13,0x00D,33,0x021,10,0x00A
PICK_ALL_CHAR,CLogin::SendSelectCharPacketByVAC,,0x000,14,0x00E,14,0x00E,14,0x00E,14,0x00E,34,0x022,,0x000
VAC,"CLogin::MakeVACDlg
CLogin::ResetVAC",,0x000,15,0x00F,15,0x00F,15,0x00F,15,0x00F,35,0x023,,0x000
NAME_TRANSFER,CCashShop::SendCheckNameChangePossiblePacket,,0x000,16,0x010,16,0x010,16,0x010,16,0x010,36,0x024,9,0x009
n/a,n/a,,0x000,17,0x011,17,0x011,17,0x011,17,0x011,37,0x025,,0x000
,,,0x000,,0x000,,0x000,,0x000,,0x000,,0x000,17,0x011
WORLD_TRANSFER,CCashShop::SendCheckTransferWorldPossiblePacket,,0x000,18,0x012,18,0x012,18,0x012,18,0x012,38,0x026,,0x000
CHAR_SELECT,CLogin::SendSelectCharPacket,9,0x009,19,0x013,19,0x013,19,0x013,19,0x013,39,0x027,6,0x006
PLAYER_LOGGEDIN,CClientSocket::OnConnect,10,0x00A,20,0x014,20,0x014,20,0x014,20,0x014,40,0x028,7,0x007
CHECK_CHAR_NAME,"CLogin::SendCheckDuplicateIDPacket
CCashShop::SendCheckDuplicateIDPacket",11,0x00B,21,0x015,21,0x015,21,0x015,21,0x015,41,0x029,8,0x008
CREATE_CHAR,CLogin::SendNewCharPacket,12,0x00C,22,0x016,22,0x016,22,0x016,22,0x016,42,0x02A,11,0x00B
CREATE_CHAR_IN_CS,CLogin::SendNewCharPacket,,0x000,,0x000,,0x000,23,0x017,23,0x017,43,0x02B,,0x000
,,,0x000,,0x000,,0x000,,0x000,,0x000,44,0x02C,,0x000
DELETE_CHAR,CLogin::SendDeleteCharPacket,13,0x00D,23,0x017,23,0x017,24,0x018,24,0x018,45,0x02D,13,0x00D
PONG,CClientSocket::OnAliveReq,14,0x00E,24,0x018,24,0x018,25,0x019,25,0x019,46,0x02E,14,0x00E
CLIENT_START_ERROR,CClientSocket::OnConnect,15,0x00F,25,0x019,25,0x019,26,0x01A,26,0x01A,47,0x02F,21,0x015
CLIENT_ERROR,CSecurityClient::OnCheckClientIntegrityRequest,16,0x010,26,0x01A,26,0x01A,27,0x01B,27,0x01B,48,0x030,16,0x010
STRANGE_DATA,,,0x000,27,0x01B,27,0x01B,,0x000,,0x000,,0x000,,0x000
RELOG,,,0x000,28,0x01C,28,0x01C,28,0x01C,,0x000,,0x000,,0x000
REGISTER_PIC,CLogin::SendSelectCharPacket,,0x000,29,0x01D,29,0x01D,29,0x01D,28,0x01C,49,0x031,19,0x013
CHAR_SELECT_WITH_PIC,CLogin::SendSelectCharPacket,,0x000,30,0x01E,30,0x01E,30,0x01E,29,0x01D,50,0x032,20,0x014
,,,0x000,,0x000,,0x000,,0x000,,0x000,51,0x033,,0x000
VIEW_ALL_PIC_REGISTER,CLogin::SendSelectCharPacketByVAC,,0x000,31,0x01F,31,0x01F,31,0x01F,30,0x01E,52,0x034,,0x000
VIEW_ALL_WITH_PIC,CLogin::SendSelectCharPacketByVAC,,0x000,32,0x020,32,0x020,32,0x020,31,0x01F,53,0x035,,0x000
n/a,n/a,,0x000,33,0x021,33,0x021,33,0x021,32,0x020,54,0x036,22,0x016
n/a,n/a,,0x000,34,0x022,34,0x022,34,0x022,33,0x021,55,0x037,23,0x017
CLIENT_START,CLogin::Init,,0x000,35,0x023,35,0x023,35,0x023,34,0x022,56,0x038,24,0x018
NEXON_PASSPORT,"CLogin::SendCheckPasswordPacket
CLogin::SendLoginPacket
CLogin::SendViewAllCharPacket",,0x000,36,0x024,36,0x024,36,0x024,35,0x023,,0x000,,0x000
PACKET_ERROR,"CWvsApp::SendBackupPacket
CWvsApp::SendClearStackLog",,0x000,37,0x025,37,0x025,37,0x025,36,0x024,,0x000,,0x000
SECURE_PASSWORD,,,0x000,,0x000,,0x000,,0x000,,0x000,,0x000,25,0x019
JMS_CLOGIN_CLOGIN,,,0x000,,0x000,,0x000,,0x000,,0x000,,0x000,26,0x01A
n/a,n/a,,0x000,,0x000,38,0x026,38,0x026,37,0x025,,0x000,27,0x01B
n/a,n/a,,0x000,,0x000,39,0x027,39,0x027,38,0x026,,0x000,28,0x01C
n/a,n/a,,0x000,,0x000,,0x000,40,0x028,39,0x027,,0x000,,0x000
n/a,n/a,,0x000,,0x000,,0x000,41,0x029,40,0x028,,0x000,,0x000
,,,0x000,,0x000,,0x000,42,0x02A,,0x000,,0x000,,0x000
CHANGE_MAP,"CCashShop::SendTransferFieldPacket
CField::SendTransferFieldRequest
CITC::SendTransferFieldPacket",19,0x013,38,0x026,40,0x028,43,0x02B,41,0x029,66,0x042,29,0x01D
CHANGE_CHANNEL,CField::SendTransferChannelRequest,20,0x014,39,0x027,41,0x029,44,0x02C,42,0x02A,67,0x043,30,0x01E
ENTER_CASHSHOP,CWvsContext::SendMigrateToShopRequest,21,0x015,40,0x028,42,0x02A,45,0x02D,43,0x02B,68,0x044,31,0x01F
,,,0x000,,0x000,,0x000,,0x000,,0x000,69,0x045,,0x000
,,,0x000,,0x000,,0x000,,0x000,,0x000,70,0x046,,0x000
,,,0x000,,0x000,,0x000,,0x000,,0x000,71,0x047,,0x000
,,,0x000,,0x000,,0x000,,0x000,,0x000,72,0x048,,0x000
MOVE_PLAYER,"CUserLocal::OnKey
CVecCtrlUser::EndUpdateActive",22,0x016,41,0x029,43,0x02B,46,0x02E,44,0x02C,73,0x049,32,0x020
,,,0x000,,0x000,,0x000,,0x000,,0x000,74,0x04A,,0x000
CANCEL_CHAIR,"CUserLocal::HandleXKeyDown
CWvsContext::SendGetUpFromChairRequest",,0x000,42,0x02A,44,0x02C,47,0x02F,45,0x02D,75,0x04B,33,0x021
USE_CHAIR,CWvsContext::SendSitOnPortableChairRequest,23,0x017,43,0x02B,45,0x02D,48,0x030,46,0x02E,76,0x04C,34,0x022
CLOSE_RANGE_ATTACK,"CUserLocal::TryDoingNormalAttack
CUserLocal::TryDoingMeleeAttack
CUserLocal::DoActiveSkill_MesoExplosion",24,0x018,44,0x02C,46,0x02E,49,0x031,47,0x02F,77,0x04D,35,0x023
RANGED_ATTACK,"CUserLocal::TryDoingShootAttack
CUserLocal::TryDoingSmoothingMovingShootAttack",25,0x019,45,0x02D,47,0x02F,50,0x032,48,0x030,78,0x04E,36,0x024
MAGIC_ATTACK,CUserLocal::TryDoingMagicAttack,26,0x01A,46,0x02E,48,0x030,51,0x033,49,0x031,79,0x04F,37,0x025
TOUCH_MONSTER_ATTACK,CUserLocal::TryDoingBodyAttack,,0x000,47,0x02F,49,0x031,52,0x034,50,0x032,80,0x050,38,0x026
MOVING_SHOOT_ATTACK_PREPARE,CUserLocal::TryDoingSmoothingMovingShootAttackPrepare,,0x000,,0x000,,0x000,,0x000,51,0x033,81,0x051,,0x000
TAKE_DAMAGE,"CUserLocal::SetDamaged
CUserLocal::Update",28,0x01C,48,0x030,50,0x032,53,0x035,52,0x034,82,0x052,39,0x027
,,,0x000,,0x000,51,0x033,54,0x036,53,0x035,83,0x053,40,0x028
GENERAL_CHAT,"CField::SendChatMsg
CField::SendChatMsgSlash",29,0x01D,49,0x031,52,0x034,55,0x037,54,0x036,84,0x054,41,0x029
CLOSE_CHALKBOARD,CUserLocal::HandleLButtonClk,,0x000,50,0x032,53,0x035,56,0x038,55,0x037,85,0x055,42,0x02A
FACE_EXPRESSION,"CUserLocal::Update
CWvsContext::SendEmotionChange",30,0x01E,51,0x033,54,0x036,57,0x039,56,0x038,86,0x056,43,0x02B
,,,0x000,,0x000,,0x000,,0x000,,0x000,87,0x057,,0x000
USE_ITEMEFFECT,CWvsContext::SendActiveEffectItemChange,,0x000,52,0x034,55,0x037,58,0x03A,57,0x039,88,0x058,44,0x02C
USE_DEATHITEM,CUserLocal::RequestUpgradeTombEffect,,0x000,53,0x035,56,0x038,59,0x03B,58,0x03A,89,0x059,45,0x02D
n/a,n/a,,0x000,54,0x036,57,0x039,60,0x03C,59,0x03B,,0x000,46,0x02E
n/a,n/a,,0x000,55,0x037,58,0x03A,61,0x03D,60,0x03C,,0x000,47,0x02F
MOB_BANISH_PLAYER,CUserLocal::SendBanMapByMobRequest,,0x000,56,0x038,59,0x03B,62,0x03E,61,0x03D,,0x000,48,0x030
,,,0x000,,0x000,,0x000,,0x000,,0x000,,0x000,,0x000
,,,0x000,,0x000,,0x000,,0x000,,0x000,,0x000,,0x000
,,,0x000,,0x000,,0x000,,0x000,,0x000,,0x000,,0x000
,,,0x000,,0x000,,0x000,,0x000,,0x000,,0x000,,0x000
,,,0x000,,0x000,,0x000,,0x000,,0x000,,0x000,,0x000
,,,0x000,,0x000,,0x000,,0x000,,0x000,,0x000,,0x000
,,,0x000,,0x000,,0x000,,0x000,,0x000,,0x000,,0x000
,,,0x000,,0x000,,0x000,,0x000,,0x000,100,0x064,,0x000
MONSTER_BOOK_COVER,,,0x000,57,0x039,60,0x03C,63,0x03F,62,0x03E,101,0x065,49,0x031
NPC_TALK,"CNpc::ShowQuestList
CUserLocal::TalkToNpc",33,0x021,58,0x03A,61,0x03D,64,0x040,63,0x03F,102,0x066,50,0x032
REMOTE_STORE,CWvsContext::SendRemoteShopOpenRequest,,0x000,59,0x03B,62,0x03E,65,0x041,64,0x040,103,0x067,51,0x033
NPC_TALK_MORE,"CScriptMan::OnAskSlideMenu
CScriptMan::OnSay
CScriptMan::OnSayImage
CScriptMan::OnAskYesNo
CScriptMan::OnAskText
CScriptMan::OnAskBoxText
CScriptMan::OnAskNumber
CScriptMan::OnAskMenu
CScriptMan::OnAskAvatar
CScriptMan::OnAskMembershopAvatar
CScriptMan::OnAskPet
CScriptMan::OnAskPetAll
CUIInitialQuiz::SendResult
CUISpeedQuiz::SendResult",34,0x022,60,0x03C,63,0x03F,66,0x042,65,0x041,104,0x068,52,0x034
NPC_SHOP,"CShopDlg::SetRet
CShopDlg::SendRechargeRequest
CShopDlg::SendSellRequest
CShopDlg::SendBuyRequest",35,0x023,61,0x03D,64,0x040,67,0x043,66,0x042,105,0x069,53,0x035
STORAGE,"CTrunkDlg::SetRet
CTrunkDlg::SendSortItemRequest
CTrunkDlg::SendPutItemRequest
CTrunkDlg::SendGetMoneyRequest
CTrunkDlg::SendPutMoneyRequest
CTrunkDlg::SendGetItemRequest",36,0x024,62,0x03E,65,0x041,68,0x044,67,0x043,106,0x06A,54,0x036
HIRED_MERCHANT_REQUEST,CWvsContext::SendEntrustedShopCheckRequest,,0x000,63,0x03F,66,0x042,69,0x045,68,0x044,107,0x06B,55,0x037
FREDRICK_ACTION,"CStoreBankDlg::SetRet
CStoreBankDlg::SendCalculateFeeRequest
CStoreBankDlg::SendGetAllRequest",,0x000,64,0x040,67,0x043,70,0x046,69,0x045,108,0x06C,56,0x038
DUEY_ACTION,"CParcelDlg::CloseParcelDlg
CUIFadeYesNo::OnButtonClicked
CTabReceive::ReceiveParcel
CTabReceive::DiscardParcel
CTabQuickSend::SendQuickDelivery
CTabSend::SendParcel",,0x000,65,0x041,68,0x044,71,0x047,70,0x046,109,0x06D,57,0x039
,,,0x000,,0x000,,0x000,,0x000,,0x000,110,0x06E,,0x000
USER_EFFECT_LOCAL,CUserLocal::SendSkillEffectRequest,,0x000,,0x000,,0x000,72,0x048,71,0x047,111,0x06F,,0x000
OWL_ACTION,CUIShopScanner::OnCreate,,0x000,66,0x042,69,0x045,73,0x049,72,0x048,112,0x070,58,0x03A
OWL_WARP,CUIShopScanResult::OnButtonClicked,,0x000,67,0x043,70,0x046,74,0x04A,73,0x049,113,0x071,59,0x03B
ADMIN_SHOP,"CAdminShopDlg::SetRet
CAdminShopDlg::SendTradeRequest
CAdminShopDlg::OnPacket
CUIAdminShopWishList::SendRegisterPacket",,0x000,68,0x044,71,0x047,75,0x04B,74,0x04A,114,0x072,60,0x03C
ITEM_SORT,CWvsContext::SendGatherItemRequest,,0x000,69,0x045,72,0x048,76,0x04C,75,0x04B,115,0x073,61,0x03D
ITEM_SORT2,CWvsContext::SendSortItemRequest,,0x000,70,0x046,73,0x049,77,0x04D,76,0x04C,116,0x074,62,0x03E
ITEM_MOVE,CWvsContext::SendChangeSlotPositionRequest,37,0x025,71,0x047,74,0x04A,78,0x04E,77,0x04D,117,0x075,63,0x03F
,,,0x000,,0x000,,0x000,,0x000,,0x000,118,0x076,,0x000
,,,0x000,,0x000,,0x000,,0x000,,0x000,119,0x077,,0x000
,,,0x000,,0x000,,0x000,,0x000,,0x000,120,0x078,,0x000
USE_ITEM,CWvsContext::SendStatChangeItemUseRequest,38,0x026,72,0x048,75,0x04B,79,0x04F,78,0x04E,121,0x079,64,0x040
CANCEL_ITEM_EFFECT,CWvsContext::SendStatChangeItemCancelRequest,,0x000,73,0x049,76,0x04C,80,0x050,79,0x04F,122,0x07A,65,0x041
STATE_CHANGE_BY_PORTABLE_CHAIR_REQUEST,CWvsContext::TryRecovery,,0x000,74,0x04A,77,0x04D,81,0x051,80,0x050,123,0x07B,66,0x042
USE_SUMMON_BAG,CWvsContext::SendMobSummonItemUseRequest,39,0x027,75,0x04B,78,0x04E,82,0x052,81,0x051,124,0x07C,67,0x043
PET_FOOD,CWvsContext::SendPetFoodItemUseRequest,40,0x028,76,0x04C,79,0x04F,83,0x053,82,0x052,125,0x07D,68,0x044
USE_MOUNT_FOOD,CWvsContext::SendTamingMobFoodItemUseRequest,,0x000,77,0x04D,80,0x050,84,0x054,83,0x053,126,0x07E,69,0x045
SCRIPTED_ITEM,CWvsContext::SendScriptRunItemRequest,,0x000,78,0x04E,81,0x051,85,0x055,84,0x054,127,0x07F,70,0x046
,,,0x000,,0x000,,0x000,,0x000,,0x000,128,0x080,,0x000
,,,0x000,,0x000,,0x000,,0x000,,0x000,129,0x081,,0x000
,,,0x000,,0x000,,0x000,,0x000,,0x000,130,0x082,,0x000
,,,0x000,,0x000,,0x000,,0x000,,0x000,131,0x083,,0x000
,,,0x000,,0x000,,0x000,,0x000,,0x000,132,0x084,,0x000
USE_CASH_ITEM,"CItemSpeakerDlg::_SendConsumeCashItemUseRequest
CUICharacterSaleDlg::SendCreateNewCharacter
CUIIncubator::OnButtonClicked
CUIKarmaDlg::_SendConsumeCashItemUseRequest
CUIUnreleaseDlg::UnreleaseEquipItem
CWvsContext::SendConsumeCashItemUseRequest",41,0x029,79,0x04F,82,0x052,86,0x056,85,0x055,133,0x085,71,0x047
DESTROY_PET_ITEM_REQUEST,CWvsContext::SendActivatePetRequest,,0x000,80,0x050,83,0x053,87,0x057,86,0x056,134,0x086,72,0x048
USE_CATCH_ITEM,CWvsContext::SendBridleItemUseRequest,,0x000,81,0x051,84,0x054,88,0x058,87,0x057,135,0x087,73,0x049
USE_SKILL_BOOK,CWvsContext::SendSkillLearnItemUseRequest,,0x000,82,0x052,85,0x055,89,0x059,88,0x058,136,0x088,74,0x04A
USE_SKILL_RESET_BOOK,CWvsContext::SendSkillResetItemUseRequest,,0x000,83,0x053,86,0x056,90,0x05A,89,0x059,137,0x089,75,0x04B
,,,0x000,,0x000,,0x000,,0x000,,0x000,138,0x08A,,0x000
,,,0x000,,0x000,,0x000,,0x000,,0x000,139,0x08B,,0x000
,,,0x000,,0x000,,0x000,,0x000,,0x000,140,0x08C,,0x000
,,,0x000,,0x000,,0x000,,0x000,,0x000,141,0x08D,,0x000
USE_SHOP_SCANNER_ITEM,CWvsContext::SendShopScannerItemUseRequest,,0x000,,0x000,,0x000,,0x000,90,0x05A,142,0x08E,,0x000
USE_TELEPORT_ROCK,CWvsContext::SendMapTransferItemUseRequest,,0x000,84,0x054,87,0x057,91,0x05B,91,0x05B,143,0x08F,76,0x04C
USE_RETURN_SCROLL,CWvsContext::SendPortalScrollUseRequest,42,0x02A,85,0x055,88,0x058,92,0x05C,92,0x05C,144,0x090,77,0x04D
USE_UPGRADE_SCROLL,CWvsContext::SendUpgradeItemUseRequest,43,0x02B,86,0x056,89,0x059,93,0x05D,93,0x05D,145,0x091,78,0x04E
HYPER_UPGRADE_ITEM_USE,CWvsContext::SendHyperUpgradeItemUseRequest,,0x000,,0x000,,0x000,94,0x05E,94,0x05E,146,0x092,79,0x04F
ITEM_OPTION_UPGRADE_USE,CWvsContext::SendItemOptionUpgradeItemUseRequest,,0x000,,0x000,,0x000,95,0x05F,95,0x05F,147,0x093,80,0x050
,,,0x000,,0x000,,0x000,,0x000,,0x000,148,0x094,,0x000
,,,0x000,,0x000,,0x000,,0x000,,0x000,149,0x095,,0x000
,,,0x000,,0x000,,0x000,,0x000,,0x000,150,0x096,,0x000
,,,0x000,,0x000,,0x000,,0x000,,0x000,151,0x097,,0x000
UI_OPEN_ITEM_USE_REQUEST,CWvsContext::SendUIOpenItemRequest,,0x000,,0x000,,0x000,,0x000,96,0x060,152,0x098,,0x000
ITEM_RELEASE_REQUEST,CWvsContext::SendItemReleaseRequest,,0x000,,0x000,,0x000,96,0x060,97,0x061,153,0x099,81,0x051
DISTRIBUTE_AP,CWvsContext::SendAbilityUpRequest,44,0x02C,87,0x057,90,0x05A,97,0x061,98,0x062,154,0x09A,82,0x052
AUTO_DISTRIBUTE_AP,CWvsContext::SendAbilityUpRequest,,0x000,88,0x058,91,0x05B,98,0x062,99,0x063,155,0x09B,83,0x053
HEAL_OVER_TIME,CWvsContext::SendStatChangeRequest,45,0x02D,89,0x059,92,0x05C,99,0x063,100,0x064,156,0x09C,84,0x054
USER_CHANGE_STAT_REQUEST_BY_ITEM,CWvsContext::SendStatChangeRequestByItemOption,,0x000,,0x000,,0x000,100,0x064,101,0x065,157,0x09D,,0x000
,,,0x000,,0x000,,0x000,,0x000,,0x000,158,0x09E,,0x000
DISTRIBUTE_SP,CWvsContext::SendSkillUpRequest,46,0x02E,90,0x05A,93,0x05D,101,0x065,102,0x066,159,0x09F,85,0x055
SPECIAL_MOVE,"CUserLocal::DoActiveSkill_Heal
CUserLocal::TryDoingSwallowAbsorb
CGrenade::SendTimeBombInfo
CUserLocal::DoActiveSkill_OpenGate
CUserLocal::DoActiveSkill_TownPortal
CUserLocal::DoActiveSkill_Summon
CUserLocal::DoActiveSkill_SmokeShell
CUserLocal::DoActiveSkill_Flying
CUserLocal::DoActiveSkill_DamageMeter
CUserLocal::DoActiveSkill_MobCapture
CUserLocal::DoActiveSkill_StatChangeAdmin
CUserLocal::DoActiveSkill_RecoveryAura
CUserLocal::SendSkillUseRequest
CUserLocal::DoActiveSkill_SummonMonster
CUserLocal::TryDoingMonsterMagnet",47,0x02F,91,0x05B,94,0x05E,102,0x066,103,0x067,160,0x0A0,86,0x056
CANCEL_BUFF,CUserLocal::SendSkillCancelRequest,48,0x030,92,0x05C,95,0x05F,103,0x067,104,0x068,161,0x0A1,87,0x057
SKILL_EFFECT,CUserLocal::DoActiveSkill_Prepare,49,0x031,93,0x05D,96,0x060,104,0x068,105,0x069,162,0x0A2,88,0x058
MESO_DROP,CWvsContext::SendDropMoneyRequest,50,0x032,94,0x05E,97,0x061,105,0x069,106,0x06A,163,0x0A3,89,0x059
GIVE_FAME,CWvsContext::SendGivePopularityRequest,51,0x033,95,0x05F,98,0x062,106,0x06A,107,0x06B,164,0x0A4,90,0x05A
n/a,n/a,52,0x034,96,0x060,99,0x063,107,0x06B,108,0x06C,165,0x0A5,91,0x05B
CHAR_INFO_REQUEST,CWvsContext::SendCharacterInfoRequest,53,0x035,97,0x061,100,0x064,108,0x06C,109,0x06D,166,0x0A6,92,0x05C
SPAWN_PET,CWvsContext::SendActivatePetRequest,54,0x036,98,0x062,101,0x065,109,0x06D,110,0x06E,167,0x0A7,93,0x05D
,,,0x000,,0x000,,0x000,,0x000,,0x000,168,0x0A8,,0x000
,,,0x000,,0x000,,0x000,,0x000,,0x000,169,0x0A9,,0x000
,,,0x000,,0x000,,0x000,,0x000,,0x000,170,0x0AA,,0x000
,,,0x000,,0x000,,0x000,,0x000,,0x000,171,0x0AB,,0x000
,,,0x000,,0x000,,0x000,,0x000,,0x000,172,0x0AC,,0x000
,,,0x000,,0x000,,0x000,,0x000,,0x000,173,0x0AD,,0x000
CANCEL_DEBUFF,CWvsContext::CheckTemporaryStatDuration,55,0x037,99,0x063,102,0x066,110,0x06E,111,0x06F,174,0x0AE,94,0x05E
CHANGE_MAP_SPECIAL,"CUserLocal::HandleUpKeyDown
CUserLocal::CheckPortal_Collision",56,0x038,100,0x064,103,0x067,111,0x06F,112,0x070,175,0x0AF,95,0x05F
,,,0x000,,0x000,,0x000,,0x000,,0x000,176,0x0B0,,0x000
USE_INNER_PORTAL,CUserLocal::TryRegisterTeleport,,0x000,101,0x065,104,0x068,112,0x070,113,0x071,177,0x0B1,96,0x060
TROCK_ADD_MAP,CWvsContext::SendMapTransferRequest,57,0x039,102,0x066,105,0x069,113,0x071,114,0x072,178,0x0B2,97,0x061
ANTI_MACRO_ITEM_USE,CWvsContext::SendAntiMacroItemUseRequest,,0x000,103,0x067,106,0x06A,114,0x072,115,0x073,,0x000,98,0x062
ANTI_MACRO_TARGET,CUserLocal::DoAntiMacroSkill,,0x000,104,0x068,107,0x06B,115,0x073,116,0x074,,0x000,99,0x063
ANTI_MACRO_RESULT,"CUIAntiMacro::SetRet
CUIAdminAntiMacro::SetRet",,0x000,105,0x069,108,0x06C,116,0x074,117,0x075,,0x000,100,0x064
CLAIM_REQUEST,CWvsContext::SendClaimRequest,58,0x03A,106,0x06A,109,0x06D,117,0x075,118,0x076,,0x000,101,0x065
,,,0x000,,0x000,,0x000,,0x000,,0x000,,0x000,,0x000
QUEST_ACTION,"CQuest::StartQuest
CQuest::OnCompleteQuestFailed
CWvsContext::ResignQuest",,0x000,107,0x06B,110,0x06E,118,0x076,119,0x077,184,0x0B8,102,0x066
,,,0x000,,0x000,,0x000,,0x000,,0x000,185,0x0B9,,0x000
USER_CALC_DAMAGE_STAT_SET_REQUEST,"CWvsContext::OnTemporaryStatReset
CWvsContext::CheckDarkForce
CWvsContext::CheckDragonFury
CWvsContext::OnTemporaryStatSet",,0x000,108,0x06C,111,0x06F,119,0x077,120,0x078,186,0x0BA,103,0x067
GRENADE_EFFECT,CUserLocal::ThrowGrenade,,0x000,109,0x06D,112,0x070,120,0x078,121,0x079,187,0x0BB,104,0x068
SKILL_MACRO,CMacroSysMan::FlushToSvr,,0x000,110,0x06E,113,0x071,121,0x079,122,0x07A,188,0x0BC,105,0x069
NPC_ITEM_USE_REQUEST,CWvsContext::SendSelectNpcItemUseRequest,,0x000,111,0x06F,114,0x072,122,0x07A,123,0x07B,189,0x0BD,106,0x06A
LOTTERY_ITEM_USE_REQUEST,CWvsContext::SendLotteryItemUseRequest,,0x000,112,0x070,115,0x073,123,0x07B,124,0x07C,190,0x0BE,107,0x06B
MAKER_SKILL,CUIItemMaker::RequestItemMake,,0x000,113,0x071,116,0x074,124,0x07C,125,0x07D,191,0x0BF,108,0x06C
SUE_CHARACTER,CField::SendChatMsgSlash,,0x000,114,0x072,117,0x075,125,0x07D,126,0x07E,192,0x0C0,,0x000
USE_GACHAPON_BOX_ITEM,CWvsContext::SendUseBoxGachaponItemRequest,,0x000,115,0x073,118,0x076,126,0x07E,127,0x07F,193,0x0C1,119,0x077
USE_REMOTE,CWvsContext::SendUseGachaponRemoteRequest,,0x000,116,0x074,119,0x077,127,0x07F,128,0x080,194,0x0C2,,0x000
WATER_OF_LIFE,CWvsContext::SendWaterOfLife,,0x000,117,0x075,120,0x078,128,0x080,129,0x081,195,0x0C3,,0x000
REPAIR_DURABILITY_ALL,CRepairDurabilityDlg::SendRepairDurabilityAll,,0x000,,0x000,121,0x079,129,0x081,130,0x082,196,0x0C4,109,0x06D
REPAIR_DURABILITY,CRepairDurabilityDlg::SendRepairDurability,,0x000,,0x000,122,0x07A,130,0x082,131,0x083,197,0x0C5,110,0x06E
USER_QUEST_RECORD_SET_STATE,CDamageMeter::SaveDamageInfo,,0x000,,0x000,123,0x07B,131,0x083,132,0x084,198,0x0C6,111,0x06F
UPDATE_CLIENT_TIMER,CUserLocal::UpdateClientTimer,,0x000,,0x000,,0x000,132,0x084,133,0x085,199,0x0C7,112,0x070
FOLLOW_CHARACTER_REQUEST,CWvsContext::SendFollowCharacterRequest,,0x000,,0x000,,0x000,133,0x085,134,0x086,200,0x0C8,116,0x074
,,,0x000,,0x000,,0x000,,0x000,,0x000,201,0x0C9,,0x000
,,,0x000,,0x000,,0x000,,0x000,,0x000,202,0x0CA,,0x000
,,,0x000,,0x000,,0x000,,0x000,,0x000,203,0x0CB,,0x000
FOLLOW_CHARACTER_WITHRDAW,,,0x000,,0x000,,0x000,,0x000,,0x000,204,0x0CC,117,0x075
,,59,0x03B,,0x000,,0x000,,0x000,,0x000,205,0x0CD,,0x000
n/a,n/a,60,0x03C,,0x000,,0x000,134,0x086,135,0x087,206,0x0CE,,0x000
USE_BACKGROUND_MUSIC_ITEM,,,0x000,,0x000,,0x000,,0x000,,0x000,207,0x0CF,115,0x073
PQ_SELECT_REWARD,CUIPQReward::SelectReward,,0x000,,0x000,,0x000,,0x000,136,0x088,208,0x0D0,,0x000
PQ_REQUEST_REWARD,CUIPQReward::RequestReward,,0x000,,0x000,,0x000,,0x000,137,0x089,209,0x0D1,,0x000
FOLLOW_REQUEST_APPLY,"CWvsContext::SendFollowRequestApply
CWvsContext::OnSetPassenserRequest",,0x000,,0x000,,0x000,135,0x087,138,0x08A,210,0x0D2,118,0x076
,,,0x000,,0x000,,0x000,,0x000,,0x000,,0x000,,0x000
,,,0x000,,0x000,,0x000,,0x000,,0x000,,0x000,,0x000
,,,0x000,,0x000,,0x000,,0x000,,0x000,,0x000,,0x000
,,,0x000,,0x000,,0x000,,0x000,,0x000,,0x000,,0x000
,,,0x000,,0x000,,0x000,,0x000,,0x000,,0x000,,0x000
,,,0x000,,0x000,,0x000,,0x000,,0x000,,0x000,,0x000
,,,0x000,,0x000,,0x000,,0x000,,0x000,,0x000,,0x000
,,,0x000,,0x000,,0x000,,0x000,,0x000,,0x000,,0x000
,,,0x000,,0x000,,0x000,,0x000,,0x000,,0x000,,0x000
ADMIN_CHAT,CField::SendChatMsgSlash,,0x000,118,0x076,124,0x07C,136,0x088,139,0x08B,,0x000,120,0x078
MULTI_CHAT,CUIStatusBar::SendGroupMessage,61,0x03D,119,0x077,125,0x07D,137,0x089,140,0x08C,221,0x0DD,121,0x079
WHISPER,"CField::SendLocationWhisper
CField::SendChatMsgWhisper
CField::OnWhisper",62,0x03E,120,0x078,126,0x07E,138,0x08A,141,0x08D,222,0x0DE,122,0x07A
SPOUSE_CHAT,CUIStatusBar::SendCoupleMessage,,0x000,121,0x079,127,0x07F,139,0x08B,142,0x08E,223,0x0DF,,0x000
MESSENGER,"CFadeWnd::SendCloseMessage
CUIMessenger::OnDestroy
CUIMessenger::OnInvite
CUIMessenger::Update
CUIMessenger::SendInviteMsg
CUIMessenger::OnCreate
CUIMessenger::ProcessChat",63,0x03F,122,0x07A,128,0x080,140,0x08C,143,0x08F,224,0x0E0,123,0x07B
PLAYER_INTERACTION,"CCashTradingRoomDlg::SetRet
CCashTradingRoomDlg::OnTrade
CCashTradingRoomDlg::PutItem
CCashTradingRoomDlg::PutMoney
CCashTradingRoomDlg::Trade
CEntrustedShopDlg::OnCorrectSSN2
CEntrustedShopDlg::OnGoOut
CEntrustedShopDlg::OnArrange
CEntrustedShopDlg::OnWithdrawMoney
CEntrustedShopDlg::OnBlackList
CEntrustedShopDlg::OnVisitList
CEntrustedShopDlg::SetRet
CEntrustedShopDlg::AddBlackList
CEntrustedShopDlg::DeleteBlackList
CField::SendInviteTradingRoomMsg
CField::AddBlackList
CField::DeleteBlackList
CMemoryGameDlg::SendTurnUpCard
CMemoryGameDlg::OnClickStartButton
CMemoryGameDlg::OnTieRequest
CMemoryGameDlg::SendClaimGiveUp
CMemoryGameDlg::SendTieRequest
CMemoryGameDlg::OnClickReadyButton
CMemoryGameDlg::OnClickBanButton
CMemoryGameDlg::OnClickEndButton
CMemoryGameDlg::OnEnterResult
CMemoryGameDlg::Update
CMiniRoomBaseDlg::SendInviteResult
CMiniRoomBaseDlg::SendCashInviteResult
CMiniRoomBaseDlg::OnCheckSSN2Static
CMiniRoomBaseDlg::CheckAndSendChat
COmokDlg::PutStoneChecker
COmokDlg::OnClickStartButton
COmokDlg::OnTieRequest
COmokDlg::OnRetreatRequest
COmokDlg::SendClaimGiveUp
COmokDlg::SendTieRequest
COmokDlg::SendRetreatRequest
COmokDlg::OnClickReadyButton
COmokDlg::OnClickBanButton
COmokDlg::OnClickEndButton
COmokDlg::OnEnterResult
COmokDlg::Update
CPersonalShopDlg::SetRet
CPersonalShopDlg::OnCorrectSSN2
CPersonalShopDlg::MoveItemToInventory
CPersonalShopDlg::CheckCashItemInList
CPersonalShopDlg::BuyItem
CPersonalShopDlg::DeliverBlackList
CPersonalShopDlg::OnClickBanButton
CPersonalShopDlg::Update
CPersonalShopDlg::PutItem
CTradingRoomDlg::SetRet
CTradingRoomDlg::OnTrade
CTradingRoomDlg::PutItem
CTradingRoomDlg::PutMoney
CTradingRoomDlg::Trade
CUserLocal::HandleRButtonClk
CUserLocal::HandleLButtonDblClk
CWvsContext::SendCreateMiniGameRequest
CWvsContext::SendOpenShopRequest
CWvsContext::OnEntrustedShopCheckResult",64,0x040,123,0x07B,129,0x081,141,0x08D,144,0x090,225,0x0E1,124,0x07C
PARTY_OPERATION,"CField::SendCreateNewPartyMsg
CField::SendWithdrawPartyMsg
CField::SendKickPartyMsg
CField::SendChangePartyBossMsg
CField::SendJoinPartyMsg
CWvsContext::OnPartyResult",65,0x041,124,0x07C,130,0x082,142,0x08E,145,0x091,226,0x0E2,125,0x07D
PARTY_RESULT,"CFadeWnd::SendCloseMessage
CUIFadeYesNo::OnButtonClicked
CWvsContext::OnPartyResult",,0x000,,0x000,131,0x083,143,0x08F,146,0x092,227,0x0E3,126,0x07E
DENY_PARTY_REQUEST,,66,0x042,125,0x07D,,0x000,,0x000,,0x000,228,0x0E4,,0x000
EXPEDITION_OPERATION,"ExpeditionIntermediary::SendExpChangeMasterPacket
ExpeditionIntermediary::SendExpChangeBossPacket
ExpeditionIntermediary::SendExpRelocatePartyPacket
ExpeditionIntermediary::SendExpKickPacket
ExpeditionIntermediary::SendExpCreatePacket
ExpeditionIntermediary::SendWithdrawPacket
ExpeditionIntermediary::SendResponseInvitePacket
ExpeditionIntermediary::SendExpInvitePacket
ExpeditionIntermediary::OnPacketExpNoti_Invite",,0x000,,0x000,132,0x084,144,0x090,147,0x093,229,0x0E5,127,0x07F
,"CUIFadeYesNo::SendCloseMessage
CUIFadeYesNo::OnButtonClicked
TabPartyAdver::SendPartyAdverRequestPacket
TabPartyAdver::RequestAdverRemoveFromNotiList
TabPartyAdver::SendAdverDeletePacket
TabPartyAdver::SendPartyRegistCommitPacket
TabPartyAdver::SendPartyApplyPacketTo
CWvsContext::OnPartyResult",,0x000,,0x000,133,0x085,145,0x091,148,0x094,230,0x0E6,128,0x080
GUILD_OPERATION,"CUIFadeYesNo::OnButtonClicked
CField::SendCreateGuildAgreeMsg
CField::SendSetMemberGradeMsg
CField::SendSetGuildMarkMsg
CField::InputGuildName
CField::SendInviteGuildMsg
CField::SendWithdrawGuildMsg
CField::SendKickGuildMsg
CField::SendSetGradeNameMsg
CField::SendSetGuildNoticeMsg
CWvsContext::OnGuildResult",,0x000,126,0x07E,134,0x086,146,0x092,149,0x095,231,0x0E7,129,0x081
DENY_GUILD_REQUEST,"CFadeWnd::SendCloseMessage
CWvsContext::OnGuildResult",,0x000,127,0x07F,135,0x087,147,0x093,150,0x096,232,0x0E8,130,0x082
ADMIN_COMMAND,"CField::SendChatMsgSlash
CStage::OnSetField
CUserLocal::OnKey",,0x000,128,0x080,136,0x088,148,0x094,151,0x097,233,0x0E9,131,0x083
ADMIN_LOG,CField::SendChatMsgSlash,,0x000,129,0x081,137,0x089,149,0x095,152,0x098,234,0x0EA,132,0x084
BUDDYLIST_MODIFY,"CField::SendDeleteFriendMsg
CField::SendAcceptFriendMsg
CField::SendSetFriendMsg
CWvsContext::LoadFriend",69,0x045,130,0x082,138,0x08A,150,0x096,153,0x099,235,0x0EB,133,0x085
NOTE_ACTION,"CCashShop::OnCashItemResLoadGiftDone
CMemoListDlg::SetRet
CWvsContext::OnMemoNotify_Receive",70,0x046,131,0x083,139,0x08B,151,0x097,154,0x09A,236,0x0EC,134,0x086
n/a,n/a,,0x000,132,0x084,140,0x08C,152,0x098,155,0x09B,237,0x0ED,135,0x087
USE_DOOR,"CField::TryEnterTownPortal
CTownPortalPool::TryEnterTownPortal",71,0x047,133,0x085,141,0x08D,153,0x099,156,0x09C,238,0x0EE,136,0x088
OPEN_GATE,COpenGatePool::TryEnterOpenGate,,0x000,134,0x086,142,0x08E,154,0x09A,157,0x09D,239,0x0EF,162,0x0A2
SLIDE_REQUEST,CField::SendChatMsgSlash,,0x000,,0x000,,0x000,155,0x09B,158,0x09E,240,0x0F0,137,0x089
CHANGE_KEYMAP,"CFuncKeyMappedMan::ChangePetConsumeItemID
CFuncKeyMappedMan::ChangePetConsumeMPItemID
CFuncKeyMappedMan::SaveFuncKeyMap",,0x000,135,0x087,143,0x08F,156,0x09C,159,0x09F,241,0x0F1,138,0x08A
RPS_ACTION,"CRPSGameDlg::OnBtStart
CRPSGameDlg::OnBtContinue
CRPSGameDlg::OnBtRetry
CRPSGameDlg::OnBtExit
CRPSGameDlg::SendSelection
CRPSGameDlg::Update",,0x000,136,0x088,144,0x090,157,0x09D,160,0x0A0,242,0x0F2,139,0x08B
RING_ACTION,"CEngageDlg::SetRet
CWvsContext::SendRingDropRequest
CWvsContext::SendInvitationQuery
CWvsContext::SendEngagementRequest
CWvsContext::SendSendInvitaionRequest
CWvsContext::SendWishListInput
CWvsContext::OnMarriageRequest",,0x000,137,0x089,145,0x091,158,0x09E,161,0x0A1,243,0x0F3,140,0x08C
WEDDING_WISH_LIST_REQUEST,"CWishListGiveDlg::SetRet
CWishListRecvDlg::SetRet
CWishListGiveDlg::SendPutItemRequest
CWishListRecvDlg::SendGetItemRequest",,0x000,138,0x08A,146,0x092,159,0x09F,162,0x0A2,244,0x0F4,141,0x08D
WEDDING_ACTION,CField_Wedding::OnWeddingProgress,,0x000,139,0x08B,147,0x093,160,0x0A0,163,0x0A3,245,0x0F5,,0x000
WEDDING_TALK,CField_Wedding::OnWeddingProgress,,0x000,140,0x08C,148,0x094,161,0x0A1,164,0x0A4,246,0x0F6,,0x000
BOOBY_TRAP_ALERT,CWvsContext::SendBoobyTrapAlert,,0x000,141,0x08D,149,0x095,162,0x0A2,165,0x0A5,,0x000,143,0x08F
,CUIMiniMap::OnMouseButton,,0x000,,0x000,,0x000,163,0x0A3,166,0x0A6,,0x000,144,0x090
ALLIANCE_REQUEST,"CUIFadeYesNo::OnButtonClicked
CTabGuildAlliance::OnGradeChange
CTabGuildAlliance::OnChangeMaster
CTabGuildAlliance::OnWithdraw
CTabGuildAlliance::OnKick
CTabGuildAlliance::OnInvite
CTabGuildAlliance::OnSetNotice
CWndAllianceGrade::OnSaveGradeName
CWvsContext::OnGuildResult
CWvsContext::OnAllianceResult",,0x000,142,0x08E,150,0x096,164,0x0A4,167,0x0A7,247,0x0F7,145,0x091
ALLIANCE_OPERATION,"CFadeWnd::SendCloseMessage
CWvsContext::OnAllianceResult",,0x000,143,0x08F,151,0x097,165,0x0A5,168,0x0A8,248,0x0F8,146,0x092
DENY_ALLIANCE_REQUEST,,,0x000,144,0x090,152,0x098,,0x000,,0x000,249,0x0F9,,0x000
OPEN_FAMILY_PEDIGREE,CWvsContext::SendFamilyChartRequest,,0x000,145,0x091,153,0x099,166,0x0A6,169,0x0A9,250,0x0FA,147,0x093
OPEN_FAMILY,CWvsContext::SendFamilyInfoRequest,,0x000,146,0x092,154,0x09A,167,0x0A7,170,0x0AA,251,0x0FB,148,0x094
ADD_FAMILY,CWvsContext::SendRegisterJunior,,0x000,147,0x093,155,0x09B,168,0x0A8,171,0x0AB,252,0x0FC,149,0x095
SEPARATE_FAMILY_BY_SENIOR,CWvsContext::SendUnregisterJunior,,0x000,148,0x094,156,0x09C,169,0x0A9,172,0x0AC,253,0x0FD,150,0x096
SEPARATE_FAMILY_BY_JUNIOR,CWvsContext::SendUnregisterParent,,0x000,149,0x095,157,0x09D,170,0x0AA,173,0x0AD,254,0x0FE,151,0x097
ACCEPT_FAMILY,CWvsContext::SendFamilyInviteResult,,0x000,150,0x096,158,0x09E,171,0x0AB,174,0x0AE,255,0x0FF,152,0x098
USE_FAMILY,CWvsContext::SendUseFamilyPrivilege,,0x000,151,0x097,159,0x09F,172,0x0AC,175,0x0AF,256,0x100,153,0x099
CHANGE_FAMILY_MESSAGE,CWvsContext::SendSetFamilyPrecept,,0x000,152,0x098,160,0x0A0,173,0x0AD,176,0x0B0,257,0x101,154,0x09A
FAMILY_SUMMON_RESPONSE,CWvsContext::OnFamilySummonRequest,,0x000,153,0x099,161,0x0A1,174,0x0AE,177,0x0B1,258,0x102,155,0x09B
n/a,n/a,,0x000,154,0x09A,162,0x0A2,175,0x0AF,178,0x0B2,259,0x103,,0x000
,,,0x000,,0x000,,0x000,,0x000,,0x000,,0x000,160,0x0A0
,,,0x000,,0x000,,0x000,,0x000,,0x000,,0x000,161,0x0A1
JMS_CONSUME_ITEM,,,0x000,,0x000,,0x000,,0x000,,0x000,,0x000,163,0x0A3
,,,0x000,,0x000,,0x000,,0x000,,0x000,,0x000,164,0x0A4
,,,0x000,,0x000,,0x000,,0x000,,0x000,,0x000,165,0x0A5
BBS_OPERATION,"CUIGuildBBS::SendLoadListRequest
CUIGuildBBS::SendViewEntryRequest
CUIGuildBBS::OnCommentDelete
CUIGuildBBS::OnRegister
CUIGuildBBS::OnComment
CUIGuildBBS::OnDelete",,0x000,155,0x09B,163,0x0A3,176,0x0B0,179,0x0B3,260,0x104,,0x000
ENTER_MTS,CWvsContext::SendMigrateToITCRequest,,0x000,156,0x09C,164,0x0A4,177,0x0B1,180,0x0B4,261,0x105,166,0x0A6
USE_SOLOMON_ITEM,CWvsContext::SendExpUpItemUseRequest,,0x000,157,0x09D,165,0x0A5,178,0x0B2,181,0x0B5,262,0x106,113,0x071
USE_GACHA_EXP,CWvsContext::SendTempExpUseRequest,,0x000,158,0x09E,166,0x0A6,179,0x0B3,182,0x0B6,263,0x107,114,0x072
NEW_YEAR_CARD_REQUEST,"CUIFadeYesNo::OnButtonClicked
CUINewYearCardSenderDlg::_SendNewYearCard",,0x000,159,0x09F,167,0x0A7,180,0x0B4,183,0x0B7,264,0x108,,0x000
MORPH_REQUEST,CUINewYearCardSenderDlg::_SendNewYearCard,,0x000,160,0x0A0,168,0x0A8,181,0x0B5,184,0x0B8,265,0x109,,0x000
CASH_ITEM_GACHAPON_BUTTON,CUICashItemGachapon::OnButtonClicked,,0x000,161,0x0A1,169,0x0A9,182,0x0B6,185,0x0B9,266,0x10A,,0x000
CASH_GACHAPON_BUTTON,CUICashGachapon::OnButtonClicked,,0x000,,0x000,170,0x0AA,183,0x0B7,186,0x0BA,267,0x10B,,0x000
CASHSHOP_SURPRISE,CCashShop::SendChangeMaplePoint,,0x000,,0x000,171,0x0AB,184,0x0B8,187,0x0BB,268,0x10C,167,0x0A7
CLICK_GUIDE,CUserLocal::HandleLButtonDblClk,,0x000,162,0x0A2,172,0x0AC,185,0x0B9,188,0x0BC,269,0x10D,156,0x09C
ARAN_COMBO_COUNTER,CUserLocal::RequestIncCombo,,0x000,163,0x0A3,173,0x0AD,186,0x0BA,189,0x0BD,270,0x10E,157,0x09D
MOB_CRC_KEY_CHANGED_REPLY,CMobPool::OnMobCrcKeyChanged,,0x000,164,0x0A4,174,0x0AE,187,0x0BB,190,0x0BE,,0x000,158,0x09E
REQUEST_SESSION_VALUE,CWvsContext::SendRequestSessionValue,,0x000,,0x000,,0x000,188,0x0BC,191,0x0BF,,0x000,159,0x09F
OP_BOARD_HAS_NEW,CWvsContext::CheckOpBoardHasNew,,0x000,,0x000,175,0x0AF,189,0x0BD,192,0x0C0,,0x000,168,0x0A8
,,,0x000,,0x000,,0x000,,0x000,,0x000,,0x000,,0x000
,,,0x000,,0x000,,0x000,,0x000,,0x000,,0x000,,0x000
,,,0x000,,0x000,,0x000,,0x000,,0x000,,0x000,,0x000
,,,0x000,,0x000,,0x000,,0x000,,0x000,,0x000,,0x000
,,,0x000,,0x000,,0x000,,0x000,,0x000,,0x000,,0x000
,,,0x000,165,0x0A5,,0x000,,0x000,,0x000,,0x000,169,0x0A9
,,,0x000,,0x000,,0x000,,0x000,,0x000,,0x000,,0x000
,,,0x000,,0x000,,0x000,,0x000,,0x000,,0x000,,0x000
,,,0x000,,0x000,,0x000,,0x000,,0x000,,0x000,,0x000
ACCOUNT_MORE_INFO,"CUIAccountMoreInfo::SendLoadAccountMoreInfoRequest
CUIAccountMoreInfo::SendSaveAccountMoreInfoRequest",,0x000,,0x000,176,0x0B0,190,0x0BE,193,0x0C1,283,0x11B,,0x000
FIND_FRIEND,"CUIFindFriend::SendMyInfoRequest
CUIFindFriendDetail::SetDetailInfo
CUIFindFriend::SendSearchRequest",,0x000,166,0x0A6,177,0x0B1,191,0x0BF,194,0x0C2,284,0x11C,,0x000
ASK_AP_SP_EVENT,CUserLocal::OnAskAPSPEvent,,0x000,,0x000,,0x000,192,0x0C0,195,0x0C3,,0x000,,0x000
DRAGON_BALL_BOX_REQUEST,CWvsContext::SendDragonBallBoxRequest,,0x000,,0x000,,0x000,193,0x0C1,196,0x0C4,,0x000,,0x000
DRAGON_BALL_SUMMON_REQUEST,CWvsContext::SendDragonBallSummonRequest,,0x000,,0x000,,0x000,194,0x0C2,197,0x0C5,,0x000,,0x000
n/a,n/a,,0x000,,0x000,178,0x0B2,195,0x0C3,198,0x0C6,,0x000,,0x000
,,,0x000,,0x000,,0x000,,0x000,,0x000,,0x000,,0x000
,,,0x000,,0x000,,0x000,,0x000,,0x000,,0x000,,0x000
MOVE_PET,CVecCtrlPet::EndUpdateActive,74,0x04A,167,0x0A7,179,0x0B3,196,0x0C4,199,0x0C7,291,0x123,170,0x0AA
PET_CHAT,CPet::DoAction,75,0x04B,168,0x0A8,180,0x0B4,197,0x0C5,200,0x0C8,292,0x124,171,0x0AB
PET_COMMAND,CPet::ParseCommand,76,0x04C,169,0x0A9,181,0x0B5,198,0x0C6,201,0x0C9,293,0x125,172,0x0AC
PET_LOOT,CPet::SendDropPickUpRequest,,0x000,170,0x0AA,182,0x0B6,199,0x0C7,202,0x0CA,294,0x126,173,0x0AD
PET_AUTO_POT,CWvsContext::SendStatChangeItemUseRequestByPetQ,,0x000,171,0x0AB,183,0x0B7,200,0x0C8,203,0x0CB,295,0x127,174,0x0AE
PET_EXCLUDE_ITEMS,CPet::SendUpdateExceptionListRequest,,0x000,172,0x0AC,184,0x0B8,201,0x0C9,204,0x0CC,296,0x128,175,0x0AF
n/a,n/a,,0x000,173,0x0AD,185,0x0B9,202,0x0CA,205,0x0CD,297,0x129,176,0x0B0
n/a,n/a,,0x000,174,0x0AE,186,0x0BA,203,0x0CB,206,0x0CE,298,0x12A,177,0x0B1
MOVE_SUMMON,CVecCtrlSummoned::EndUpdateActive,80,0x050,175,0x0AF,187,0x0BB,204,0x0CC,207,0x0CF,299,0x12B,178,0x0B2
SUMMON_ATTACK,"CSummoned::AttackToTargetMob
CSummoned::TryDoingAttackManual
CSummoned::TryDoingTaslaCoilAttack",81,0x051,176,0x0B0,188,0x0BC,205,0x0CD,208,0x0D0,300,0x12C,179,0x0B3
DAMAGE_SUMMON,CSummoned::SetDamaged,82,0x052,177,0x0B1,189,0x0BD,206,0x0CE,209,0x0D1,301,0x12D,180,0x0B4
BEHOLDER,"CSummoned::TryDoingHeal
CSummoned::TryDoingGiveBuff
CSummoned::TryDoingHealingRobot
CSummoned::TryDoingSummon",,0x000,178,0x0B2,190,0x0BE,207,0x0CF,210,0x0D2,302,0x12E,181,0x0B5
SUMMON_REMOVE,CSummoned::SendRemove,,0x000,,0x000,,0x000,208,0x0D0,211,0x0D3,303,0x12F,182,0x0B6
,,,0x000,,0x000,,0x000,,0x000,,0x000,304,0x130,,0x000
n/a,n/a,,0x000,179,0x0B3,191,0x0BF,209,0x0D1,212,0x0D4,,0x000,183,0x0B7
n/a,n/a,,0x000,180,0x0B4,192,0x0C0,210,0x0D2,213,0x0D5,,0x000,184,0x0B8
MOVE_DRAGON,CVecCtrlDragon::EndUpdateActive,,0x000,181,0x0B5,193,0x0C1,211,0x0D3,214,0x0D6,307,0x133,185,0x0B9
n/a,n/a,,0x000,182,0x0B6,194,0x0C2,212,0x0D4,215,0x0D7,,0x000,186,0x0BA
,,,0x000,,0x000,,0x000,,0x000,,0x000,,0x000,,0x000
,,,0x000,,0x000,,0x000,,0x000,,0x000,,0x000,,0x000
,,,0x000,,0x000,,0x000,,0x000,,0x000,311,0x137,,0x000
,,,0x000,,0x000,,0x000,,0x000,,0x000,,0x000,,0x000
,,,0x000,,0x000,,0x000,,0x000,,0x000,,0x000,,0x000
,,,0x000,,0x000,,0x000,,0x000,,0x000,,0x000,,0x000
,,,0x000,,0x000,,0x000,,0x000,,0x000,315,0x13B,,0x000
,,,0x000,,0x000,,0x000,,0x000,,0x000,316,0x13C,,0x000
,,,0x000,,0x000,,0x000,,0x000,,0x000,317,0x13D,,0x000
,,,0x000,,0x000,,0x000,,0x000,,0x000,318,0x13E,,0x000
,,,0x000,,0x000,,0x000,,0x000,,0x000,,0x000,,0x000
CHANGE_QUICKSLOT,CQuickslotKeyMappedMan::SaveQuickslotKeyMap,,0x000,183,0x0B7,195,0x0C3,213,0x0D5,216,0x0D8,320,0x140,187,0x0BB
,CUserLocal::UpdatePassiveSkillData,,0x000,184,0x0B8,196,0x0C4,214,0x0D6,217,0x0D9,321,0x141,188,0x0BC
,"CWvsApp::Run
CWvsContext::UI_Menu",,0x000,185,0x0B9,197,0x0C5,215,0x0D7,218,0x0DA,,0x000,,0x000
,"CUserLocal::TryDoingShootAttack
CUserLocal::TryDoingMagicAttack",,0x000,186,0x0BA,198,0x0C6,216,0x0D8,219,0x0DB,,0x000,,0x000
,,,0x000,,0x000,,0x000,,0x000,,0x000,,0x000,,0x000
USE_PAMS_SONG_REQUEST,CWvsContext::AskWhetherUsePamsSong,,0x000,,0x000,,0x000,217,0x0D9,220,0x0DC,325,0x145,189,0x0BD
,CUIQuestInfoDetail::OnButtonClicked,,0x000,187,0x0BB,199,0x0C7,,0x000,221,0x0DD,,0x000,190,0x0BE
REPEAT_EFFECT_REMOVE_REQ,CUserLocal::SendRepeatEffectRemoveRequest,,0x000,,0x000,,0x000,,0x000,222,0x0DE,,0x000,191,0x0BF
n/a,n/a,,0x000,,0x000,,0x000,218,0x0DA,223,0x0DF,,0x000,,0x000
n/a,n/a,,0x000,,0x000,,0x000,219,0x0DB,224,0x0E0,,0x000,192,0x0C0
n/a,n/a,,0x000,,0x000,,0x000,,0x000,225,0x0E1,,0x000,192,0x0C0
n/a,n/a,,0x000,,0x000,,0x000,,0x000,226,0x0E2,,0x000,193,0x0C1
,,,0x000,,0x000,,0x000,,0x000,,0x000,,0x000,,0x000
,,,0x000,,0x000,,0x000,,0x000,,0x000,,0x000,,0x000
,,,0x000,,0x000,,0x000,,0x000,,0x000,,0x000,,0x000
MOVE_LIFE,CMob::GenerateMovePath,88,0x058,188,0x0BC,200,0x0C8,220,0x0DC,227,0x0E3,335,0x14F,194,0x0C2
AUTO_AGGRO,CMob::ApplyControl,89,0x059,189,0x0BD,201,0x0C9,221,0x0DD,228,0x0E4,336,0x150,195,0x0C3
MOB_DROP_PICKUP_REQUEST,CMob::SendDropPickUpRequest,,0x000,190,0x0BE,202,0x0CA,222,0x0DE,229,0x0E5,337,0x151,196,0x0C4
FIELD_DAMAGE_MOB,CMob::Update,,0x000,191,0x0BF,203,0x0CB,223,0x0DF,230,0x0E6,338,0x152,197,0x0C5
MOB_DAMAGE_MOB_FRIENDLY,CMob::Update,,0x000,192,0x0C0,204,0x0CC,224,0x0E0,231,0x0E7,339,0x153,198,0x0C6
MONSTER_BOMB,CMob::TryFirstSelfDestruction,,0x000,193,0x0C1,205,0x0CD,225,0x0E1,232,0x0E8,340,0x154,199,0x0C7
MOB_DAMAGE_MOB,CMob::SetDamagedByMob,,0x000,194,0x0C2,206,0x0CE,226,0x0E2,233,0x0E9,,0x000,200,0x0C8
MOB_SKILL_DELAY_END,CMob::Update,,0x000,195,0x0C3,207,0x0CF,227,0x0E3,234,0x0EA,,0x000,201,0x0C9
MOB_TIME_BOMB_END,CMob::UpdateTimeBomb,,0x000,196,0x0C4,208,0x0D0,228,0x0E4,235,0x0EB,,0x000,202,0x0CA
MOB_ESCORT_COLLISION,CMob::SendCollisionEscort,,0x000,,0x000,209,0x0D1,229,0x0E5,236,0x0EC,,0x000,203,0x0CB
MOB_REQUEST_ESCORT_INFO,CMob::SendRequestEscortPath,,0x000,,0x000,,0x000,230,0x0E6,237,0x0ED,,0x000,204,0x0CC
MOB_ESCORT_STOP_END_REQUEST,CMob::SendEscortStopEndRequest,,0x000,,0x000,,0x000,231,0x0E7,238,0x0EE,,0x000,205,0x0CD
n/a,n/a,,0x000,,0x000,,0x000,232,0x0E8,239,0x0EF,,0x000,206,0x0CE
n/a,n/a,,0x000,,0x000,,0x000,233,0x0E9,240,0x0F0,,0x000,207,0x0CF
,,,0x000,,0x000,,0x000,,0x000,,0x000,,0x000,,0x000
,,,0x000,,0x000,,0x000,,0x000,,0x000,,0x000,,0x000
NPC_ACTION,CNpc::GenerateMovePath,93,0x05D,197,0x0C5,210,0x0D2,234,0x0EA,241,0x0F1,351,0x15F,208,0x0D0
NPC_SPECIAL_ACTION,CNpc::RequestSpecialAction,,0x000,198,0x0C6,211,0x0D3,235,0x0EB,242,0x0F2,352,0x160,209,0x0D1
n/a,n/a,,0x000,199,0x0C7,212,0x0D4,236,0x0EC,243,0x0F3,353,0x161,210,0x0D2
n/a,n/a,,0x000,200,0x0C8,213,0x0D5,237,0x0ED,244,0x0F4,354,0x162,211,0x0D3
n/a,n/a,,0x000,201,0x0C9,214,0x0D6,238,0x0EE,245,0x0F5,355,0x163,212,0x0D4
ITEM_PICKUP,CWvsContext::SendDropPickUpRequest,97,0x061,202,0x0CA,215,0x0D7,239,0x0EF,246,0x0F6,356,0x164,213,0x0D5
n/a,n/a,,0x000,203,0x0CB,216,0x0D8,240,0x0F0,247,0x0F7,357,0x165,214,0x0D6
n/a,n/a,,0x000,204,0x0CC,217,0x0D9,241,0x0F1,248,0x0F8,358,0x166,215,0x0D7
DAMAGE_REACTOR,"CReactorPool::FindHitReactor
CReactorPool::FindSkillReactor",100,0x064,205,0x0CD,218,0x0DA,242,0x0F2,249,0x0F9,359,0x167,216,0x0D8
,,,0x000,,0x000,,0x000,,0x000,,0x000,360,0x168,,0x000
TOUCHING_REACTOR,CReactorPool::FindTouchReactorAroundLocalUser,,0x000,206,0x0CE,219,0x0DB,243,0x0F3,250,0x0FA,361,0x169,217,0x0D9
,,,0x000,,0x000,,0x000,,0x000,,0x000,362,0x16A,,0x000
PLAYER_MAP_TRANSFER,CUserLocal::ResetNLCPQ,,0x000,207,0x0CF,220,0x0DC,244,0x0F4,251,0x0FB,363,0x16B,218,0x0DA
n/a,n/a,,0x000,208,0x0D0,221,0x0DD,245,0x0F5,252,0x0FC,,0x000,219,0x0DB
n/a,n/a,,0x000,209,0x0D1,222,0x0DE,246,0x0F6,253,0x0FD,,0x000,220,0x0DC
n/a,n/a,,0x000,210,0x0D2,223,0x0DF,247,0x0F7,254,0x0FE,,0x000,221,0x0DD
SNOWBALL,CField_SnowBall::BasicActionAttack,105,0x069,211,0x0D3,224,0x0E0,248,0x0F8,255,0x0FF,,0x000,222,0x0DE
LEFT_KNOCKBACK,CField_SnowBall::Update,,0x000,212,0x0D4,225,0x0E1,249,0x0F9,256,0x100,,0x000,223,0x0DF
COCONUT,CField_Coconut::BasicActionAttack,106,0x06A,213,0x0D5,226,0x0E2,250,0x0FA,257,0x101,,0x000,224,0x0E0
MATCH_TABLE,CField::SendChatMsgSlash,109,0x06D,214,0x0D6,227,0x0E3,251,0x0FB,258,0x102,,0x000,225,0x0E1
GUILD_BOSS,CField_GuildBoss::BasicActionAttack,,0x000,215,0x0D7,228,0x0E4,252,0x0FC,259,0x103,,0x000,226,0x0E2
n/a,n/a,,0x000,216,0x0D8,229,0x0E5,253,0x0FD,260,0x104,,0x000,227,0x0E3
n/a,n/a,,0x000,217,0x0D9,230,0x0E6,254,0x0FE,261,0x105,,0x000,228,0x0E4
MONSTER_CARNIVAL,CUIMonsterCarnival::RequestSend,,0x000,218,0x0DA,231,0x0E7,255,0x0FF,262,0x106,379,0x17B,229,0x0E5
n/a,n/a,,0x000,219,0x0DB,232,0x0E8,256,0x100,263,0x107,,0x000,,0x000
CONTI_MOVE,CField_ContiMove::Init,,0x000,,0x000,,0x000,,0x000,264,0x108,,0x000,,0x000
,,,0x000,220,0x0DC,233,0x0E9,257,0x101,,0x000,,0x000,230,0x0E6
n/a,n/a,,0x000,221,0x0DD,234,0x0EA,258,0x102,265,0x109,,0x000,,0x000
PARTY_SEARCH_START,CWvsContext::SendPartyWanted,,0x000,222,0x0DE,235,0x0EB,259,0x103,266,0x10A,388,0x184,233,0x0E9
PARTY_SEARCH_UPDATE,CWvsContext::SendCancelPartyWanted,,0x000,223,0x0DF,236,0x0EC,260,0x104,267,0x10B,389,0x185,234,0x0EA
n/a,n/a,,0x000,224,0x0E0,237,0x0ED,261,0x105,268,0x10C,,0x000,235,0x0EB
REQUEST_FOOTHOLD_INFO,CStage::OnSetField,,0x000,225,0x0E1,238,0x0EE,262,0x106,269,0x10D,,0x000,236,0x0EC
FOOTHOLD_INFO,CField::OnRequestFootHoldInfo,,0x000,226,0x0E2,239,0x0EF,263,0x107,270,0x10E,,0x000,237,0x0ED
BEANS_OPERATION,,,0x000,,0x000,,0x000,,0x000,,0x000,,0x000,238,0x0EE
BEANS_UPDATE,,,0x000,,0x000,,0x000,,0x000,,0x000,,0x000,239,0x0EF
n/a,n/a,,0x000,227,0x0E3,240,0x0F0,264,0x108,271,0x10F,,0x000,240,0x0F0
n/a,n/a,,0x000,,0x000,,0x000,265,0x109,272,0x110,,0x000,241,0x0F1
n/a,n/a,,0x000,,0x000,,0x000,266,0x10A,273,0x111,,0x000,242,0x0F2
,,,0x000,,0x000,,0x000,,0x000,,0x000,,0x000,243,0x0F3
,,,0x000,,0x000,,0x000,,0x000,,0x000,,0x000,,0x000
,,,0x000,,0x000,,0x000,,0x000,,0x000,,0x000,,0x000
,,,0x000,,0x000,,0x000,,0x000,,0x000,,0x000,,0x000
CHECK_CASH,CCashShop::TrySendQueryCashRequest,118,0x076,228,0x0E4,241,0x0F1,267,0x10B,274,0x112,402,0x192,244,0x0F4
CASHSHOP_OPERATION,"CCashShop::RequestCashPurchaseRecord
CCashShop::OnMoveCashItemLtoS
CCashShop::OnMoveCashItemStoL
CCashShop::ApplyWishListEvent
CCashShop::SendBuyTransferWorldItemPacket
CCashShop::OnSetWish
CCashShop::OnRemoveWish
CCashShop::SendBuyAvatarPacket
CCashShop::OnRebateLockerItem
CCashShop::SendGiftsPacket
CCashShop::SendBuyNameChangeItemPacket
CCashShop::OnExItemSlot
CCashShop::OnIncTrunkCount
CCashShop::OnIncCharacterSlotCount
CCashShop::OnEnableEquipSlotExt
CCashShop::OnBuy
CCashShop::OnBuyPackage
CCashShop::OnBuyNormal
CCashShop::OnGiftMateInfoResult
CCashShop::OnGiftPackage
CCashShop::OnBuyCouple
CCashShop::OnBuySlotInc
CCashShop::OnBuyFriendship
CCashShop::GiftWishItem
CCashShop::OnCashGachaponCopy",119,0x077,229,0x0E5,242,0x0F2,268,0x10C,275,0x113,403,0x193,245,0x0F5
COUPON_CODE,CCashShop::OnStatusCoupon,120,0x078,230,0x0E6,243,0x0F3,269,0x10D,276,0x114,404,0x194,246,0x0F6
n/a,n/a,,0x000,231,0x0E7,244,0x0F4,270,0x10E,277,0x115,,0x000,247,0x0F7
n/a,n/a,,0x000,232,0x0E8,245,0x0F5,271,0x10F,278,0x116,,0x000,248,0x0F8
n/a,n/a,,0x000,233,0x0E9,246,0x0F6,272,0x110,279,0x117,,0x000,249,0x0F9
n/a,n/a,,0x000,234,0x0EA,247,0x0F7,273,0x111,280,0x118,,0x000,250,0x0FA
n/a,n/a,,0x000,235,0x0EB,248,0x0F8,274,0x112,281,0x119,,0x000,251,0x0FB
n/a,n/a,,0x000,,0x000,249,0x0F9,275,0x113,282,0x11A,,0x000,252,0x0FC
OPEN_ITEMUI,CUIRaiseWndBase::OnCreate,,0x000,236,0x0EC,250,0x0FA,276,0x114,283,0x11B,,0x000,253,0x0FD
CLOSE_ITEMUI,"CUIRaiseWndBase::CUIRaiseWndBase
CUIRaiseWndBase::~CUIRaiseWndBase",,0x000,237,0x0ED,251,0x0FB,277,0x115,284,0x11C,,0x000,254,0x0FE
USE_ITEMUI,CUIRaiseWnd::SendPutItem,,0x000,238,0x0EE,252,0x0FC,278,0x116,285,0x11D,,0x000,255,0x0FF
RAISE_PIECE_PUT_ITEM,CUIRaisePieceWnd::SendPutItem,,0x000,239,0x0EF,253,0x0FD,279,0x117,286,0x11E,,0x000,256,0x100
n/a,n/a,,0x000,240,0x0F0,254,0x0FE,280,0x118,287,0x11F,,0x000,257,0x101
n/a,n/a,,0x000,241,0x0F1,255,0x0FF,281,0x119,288,0x120,,0x000,258,0x102
n/a,n/a,,0x000,242,0x0F2,256,0x100,282,0x11A,289,0x121,,0x000,259,0x103
n/a,n/a,,0x000,243,0x0F3,257,0x101,283,0x11B,290,0x122,,0x000,260,0x104
REQUEST_AUTH_KEY,CClassCompetition::SendRequestAuthKey,,0x000,244,0x0F4,258,0x102,284,0x11C,291,0x123,,0x000,261,0x105
REQUEST_AUTH_KEY_2,CUIWebEvent::SendRequestAuthKey,,0x000,245,0x0F5,259,0x103,285,0x11D,292,0x124,,0x000,262,0x106
n/a,n/a,,0x000,246,0x0F6,260,0x104,286,0x11E,293,0x125,,0x000,263,0x107
n/a,n/a,,0x000,247,0x0F7,261,0x105,287,0x11F,294,0x126,,0x000,264,0x108
n/a,n/a,,0x000,248,0x0F8,262,0x106,288,0x120,295,0x127,,0x000,265,0x109
ITEM_UPGRADE_UPDATE,CUIItemUpgrade::Update,,0x000,260,0x104,274,0x112,300,0x12C,296,0x128,,0x000,276,0x114
n/a,n/a,,0x000,,0x000,,0x000,,0x000,297,0x129,,0x000,,0x000
n/a,n/a,,0x000,,0x000,,0x000,,0x000,298,0x12A,,0x000,,0x000
BATTLE_RECORD_REQUEST,CBattleRecordMan::RequestOnCalc,,0x000,,0x000,,0x000,,0x000,299,0x12B,,0x000,,0x000
n/a,n/a,,0x000,,0x000,,0x000,,0x000,300,0x12C,,0x000,,0x000
n/a,n/a,,0x000,,0x000,,0x000,,0x000,301,0x12D,,0x000,,0x000
n/a,n/a,,0x000,,0x000,,0x000,,0x000,302,0x12E,,0x000,,0x000
USE_MAPLELIFE,,,0x000,,0x000,,0x000,,0x000,303,0x12F,,0x000,,0x000
n/a,n/a,,0x000,,0x000,,0x000,,0x000,304,0x130,,0x000,,0x000
n/a,n/a,,0x000,,0x000,,0x000,,0x000,305,0x131,,0x000,,0x000
ITC_STATUS_CHARGE,CITC::OnStatusCharge,,0x000,251,0x0FB,265,0x109,,0x000,306,0x132,,0x000,266,0x10A
ITC_QUERY_CASH_REQUEST,CITC::TrySendQueryCashRequest,,0x000,252,0x0FC,266,0x10A,,0x000,307,0x133,,0x000,267,0x10B
ITC_OPERATION,"CITC::OnRegisterSaleEntry
CITC::OnSaleCurrentItem
CITC::OnBuy
CITC::OnBuyAuctionImm
CITC::OnSetZzim
CITC::OnBuyZzim
CITC::OnDeleteZzim
CITC::OnViewWish
CITC::OnBuyWish
CITC::OnCancelWish
CITC::OnCancelSaleItem
CITC::OnMoveITCPurchaseItemLtoS
CITC::OnChangedCategorySub
CITC::OnChangedPage
CITC::OnRegisterWishEntry
CITC::OnChangedCategory
CITCWnd_Tab::OnButtonClicked
CITCBidAuctionDlg::OnButtonClicked",,0x000,253,0x0FD,267,0x10B,,0x000,308,0x134,,0x000,268,0x10C
n/a,n/a,,0x000,,0x000,268,0x10C,,0x000,309,0x135,,0x000,269,0x10D
n/a,n/a,,0x000,,0x000,269,0x10D,,0x000,310,0x136,,0x000,270,0x10E
JMS_SLASH_COMMAND,CUICharacterSaleDlg::SendCheckDuplicateIDPacket,,0x000,,0x000,270,0x10E,,0x000,311,0x137,,0x000,271,0x10F
n/a,n/a,,0x000,,0x000,271,0x10F,,0x000,312,0x138,,0x000,272,0x110
,,,0x000,,0x000,272,0x110,,0x000,,0x000,,0x000,273,0x111
,,,0x000,,0x000,273,0x111,,0x000,,0x000,,0x000,274,0x112
,,,0x000,,0x000,274,0x112,,0x000,,0x000,,0x000,275,0x113
,,,0x000,,0x000,275,0x113,,0x000,,0x000,,0x000,277,0x115
ON_LOGOUT_GIFT,CUILogoutGift::OnButtonClicked,,0x000,,0x000,276,0x114,,0x000,313,0x139,,0x000,278,0x116