Op,FName,Index,GMS v12,,GMS v48,,GMS v61,,GMS v72,,GMS v79,,GMS v83,,GMS v87,,GMS v92,,GMS v95,,GMS v111,,JMS v185
LOGIN_STATUS,CLogin::OnCheckPasswordResult,1,0x001,,0x000,,0x000,,0x000,,0x000,0,0x000,0,0x000,0,0x000,0,0x000,0,0x000,0,0x000
GUEST_ID_LOGIN,CLogin::OnGuestIDLoginResult,,0x000,,0x000,,0x000,,0x000,,0x000,1,0x001,1,0x001,1,0x001,1,0x001,1,0x001,1,0x001
ACCOUNT_INFO,CLogin::OnAccountInfoResult,,0x000,,0x000,,0x000,,0x000,,0x000,2,0x002,2,0x002,2,0x002,2,0x002,2,0x002,,0x000
SERVERSTATUS,CLogin::OnCheckUserLimitResult,2,0x002,,0x000,,0x000,,0x000,,0x000,3,0x003,3,0x003,3,0x003,3,0x003,3,0x003,,0x000
GENDER_DONE,CLogin::OnSetAccountResult,3,0x003,,0x000,,0x000,,0x000,,0x000,4,0x004,4,0x004,4,0x004,4,0x004,4,0x004,,0x000
CONFIRM_EULA_RESULT,CLogin::OnConfirmEULAResult,4,0x004,,0x000,,0x000,,0x000,,0x000,5,0x005,5,0x005,5,0x005,5,0x005,5,0x005,,0x000
CHECK_PINCODE,CLogin::OnCheckPinCodeResult,6,0x006,,0x000,,0x000,,0x000,,0x000,6,0x006,6,0x006,6,0x006,6,0x006,6,0x006,,0x000
UPDATE_PINCODE,CLogin::OnUpdatePinCodeResult,7,0x007,,0x000,,0x000,,0x000,,0x000,7,0x007,7,0x007,7,0x007,7,0x007,7,0x007,,0x000
VIEW_ALL_CHAR,CLogin::OnViewAllCharResult,,0x000,,0x000,,0x000,,0x000,,0x000,8,0x008,8,0x008,8,0x008,8,0x008,8,0x008,20,0x014
SELECT_CHARACTER_BY_VAC,CLogin::OnSelectCharacterByVACResult,,0x000,,0x000,,0x000,,0x000,,0x000,9,0x009,9,0x009,9,0x009,9,0x009,9,0x009,,0x000
WORLD_INFORMATION,CLogin::OnWorldInformation,8,0x008,,0x000,,0x000,,0x000,,0x000,10,0x00A,10,0x00A,10,0x00A,10,0x00A,10,0x00A,2,0x002
CHARLIST,CLogin::OnSelectWorldResult,9,0x009,,0x000,,0x000,,0x000,,0x000,11,0x00B,11,0x00B,11,0x00B,11,0x00B,11,0x00B,3,0x003
SERVER_IP,CLogin::OnSelectCharacterResult,10,0x00A,,0x000,,0x000,,0x000,,0x000,12,0x00C,12,0x00C,12,0x00C,12,0x00C,12,0x00C,4,0x004
CHAR_NAME_RESPONSE,CLogin::OnCheckDuplicatedIDResult,11,0x00B,,0x000,,0x000,,0x000,,0x000,13,0x00D,13,0x00D,13,0x00D,13,0x00D,13,0x00D,5,0x005
ADD_NEW_CHAR_ENTRY,CLogin::OnCreateNewCharacterResult,12,0x00C,,0x000,,0x000,,0x000,,0x000,14,0x00E,14,0x00E,14,0x00E,14,0x00E,14,0x00E,6,0x006
DELETE_CHAR_RESPONSE,CLogin::OnDeleteCharacterResult,13,0x00D,,0x000,,0x000,,0x000,,0x000,15,0x00F,15,0x00F,15,0x00F,15,0x00F,15,0x00F,7,0x007
CHANGE_CHANNEL,CClientSocket::OnMigrateCommand,14,0x00E,,0x000,,0x000,,0x000,,0x000,16,0x010,16,0x010,16,0x010,16,0x010,16,0x010,8,0x008
PING,CClientSocket::OnAliveReq,15,0x00F,,0x000,,0x000,,0x000,,0x000,17,0x011,17,0x011,17,0x011,17,0x011,17,0x011,9,0x009
KOREAN_INTERNET_CAFE_SHIT,CClientSocket::OnAuthenCodeChanged,0,0x000,,0x000,,0x000,,0x000,,0x000,18,0x012,18,0x012,18,0x012,18,0x012,18,0x012,,0x000
,CClientSocket::OnAuthenMessage,0,0x000,,0x000,,0x000,,0x000,,0x000,19,0x013,19,0x013,19,0x013,19,0x013,19,0x013,,0x000
CHANNEL_SELECTED,CSecurityClient::OnPacket,0,0x000,,0x000,,0x000,,0x000,,0x000,20,0x014,20,0x014,20,0x014,20,0x014,20,0x014,,0x000
,,0,0x000,,0x000,,0x000,,0x000,,0x000,0,0x000,0,0x000,21,0x015,0,0x000,,0x000,0,0x000
,,0,0x000,,0x000,,0x000,,0x000,,0x000,0,0x000,0,0x000,22,0x016,0,0x000,,0x000,0,0x000
HACKSHIELD_REQUEST,CLogin::OnEnableSPWResult,0,0x000,,0x000,,0x000,,0x000,,0x000,21,0x015,21,0x015,23,0x017,21,0x015,,0x000,,0x000
RELOG_RESPONSE,,0,0x000,,0x000,,0x000,,0x000,,0x000,22,0x016,22,0x016,0,0x000,22,0x016,,0x000,,0x000
LOGIN_AUTH,,0,0x000,,0x000,,0x000,,0x000,,0x000,23,0x017,23,0x017,0,0x000,0,0x000,,0x000,24,0x018
,,0,0x000,,0x000,,0x000,,0x000,,0x000,24,0x018,24,0x018,0,0x000,0,0x000,,0x000,,0x000
CHECK_CRC_RESULT,CClientSocket::OnCheckCrcResult,0,0x000,,0x000,,0x000,,0x000,,0x000,25,0x019,25,0x019,0,0x000,23,0x017,,0x000,13,0x00D
,,0,0x000,,0x000,,0x000,,0x000,,0x000,0,0x000,0,0x000,0,0x000,0,0x000,,0x000,14,0x00E
LAST_CONNECTED_WORLD,CLogin::OnLatestConnectedWorld,0,0x000,,0x000,,0x000,,0x000,,0x000,26,0x01A,26,0x01A,26,0x01A,24,0x018,27,0x01B,22,0x016
RECOMMENDED_WORLD_MESSAGE,CLogin::OnRecommendWorldMessage,0,0x000,,0x000,,0x000,,0x000,,0x000,27,0x01B,27,0x01B,27,0x01B,25,0x019,28,0x01C,23,0x017
,,,0x000,,0x000,,0x000,,0x000,,0x000,,0x000,,0x000,,0x000,,0x000,29,0x01D,,0x000
,CLogin::OnExtraCharInfoResult,,0x000,,0x000,,0x000,,0x000,,0x000,,0x000,,0x000,28,0x01C,26,0x01A,30,0x01E,,0x000
CHECK_SPW_RESULT,CLogin::OnCheckSPWResult,,0x000,,0x000,,0x000,,0x000,,0x000,28,0x01C,28,0x01C,29,0x01D,27,0x01B,31,0x01F,,0x000
INVENTORY_OPERATION,CWvsContext::OnInventoryOperation,20,0x014,,0x000,,0x000,,0x000,,0x000,29,0x01D,29,0x01D,30,0x01E,28,0x01C,32,0x020,27,0x01B
INVENTORY_GROW,CWvsContext::OnInventoryGrow,21,0x015,,0x000,,0x000,,0x000,,0x000,30,0x01E,30,0x01E,31,0x01F,29,0x01D,33,0x021,28,0x01C
STAT_CHANGED,CWvsContext::OnStatChanged,22,0x016,,0x000,,0x000,,0x000,,0x000,31,0x01F,31,0x01F,32,0x020,30,0x01E,34,0x022,29,0x01D
GIVE_BUFF,CWvsContext::OnTemporaryStatSet,,0x000,,0x000,,0x000,,0x000,,0x000,32,0x020,32,0x020,33,0x021,31,0x01F,35,0x023,30,0x01E
CANCEL_BUFF,CWvsContext::OnTemporaryStatReset,,0x000,,0x000,,0x000,,0x000,,0x000,33,0x021,33,0x021,34,0x022,32,0x020,36,0x024,31,0x01F
FORCED_STAT_SET,CWvsContext::OnForcedStatSet,23,0x017,,0x000,,0x000,,0x000,,0x000,34,0x022,34,0x022,35,0x023,33,0x021,37,0x025,32,0x020
FORCED_STAT_RESET,CWvsContext::OnForcedStatReset,24,0x018,,0x000,,0x000,,0x000,,0x000,35,0x023,35,0x023,36,0x024,34,0x022,38,0x026,33,0x021
UPDATE_SKILLS,CWvsContext::OnChangeSkillRecordResult,25,0x019,,0x000,,0x000,,0x000,,0x000,36,0x024,36,0x024,37,0x025,35,0x023,39,0x027,34,0x022
,,,0x000,,0x000,,0x000,,0x000,,0x000,,0x000,,0x000,,0x000,,0x000,40,0x028,,0x000
,,,0x000,,0x000,,0x000,,0x000,,0x000,,0x000,,0x000,,0x000,,0x000,41,0x029,,0x000
SKILL_USE_RESULT,CWvsContext::OnSkillUseResult,26,0x01A,,0x000,,0x000,,0x000,,0x000,37,0x025,37,0x025,38,0x026,36,0x024,42,0x02A,35,0x023
FAME_RESPONSE,CWvsContext::OnGivePopularityResult,27,0x01B,,0x000,,0x000,,0x000,,0x000,38,0x026,38,0x026,39,0x027,37,0x025,43,0x02B,36,0x024
SHOW_STATUS_INFO,CWvsContext::OnMessage,28,0x01C,,0x000,,0x000,,0x000,,0x000,39,0x027,39,0x027,40,0x028,38,0x026,44,0x02C,37,0x025
OPEN_FULL_CLIENT_DOWNLOAD_LINK,CWvsContext::OnOpenFullClientDownloadLink,,0x000,,0x000,,0x000,,0x000,,0x000,40,0x028,40,0x028,41,0x029,39,0x027,45,0x02D,,0x000
MEMO_RESULT,CWvsContext::OnMemoResult,29,0x01D,,0x000,,0x000,,0x000,,0x000,41,0x029,41,0x029,42,0x02A,40,0x028,46,0x02E,38,0x026
MAP_TRANSFER_RESULT,CWvsContext::OnMapTransferResult,30,0x01E,,0x000,,0x000,,0x000,,0x000,42,0x02A,42,0x02A,43,0x02B,41,0x029,47,0x02F,39,0x027
WEDDING_PHOTO,CWvsContext::OnAntiMacroResult,,0x000,,0x000,,0x000,,0x000,,0x000,43,0x02B,43,0x02B,44,0x02C,42,0x02A,48,0x030,40,0x028
,,,0x000,,0x000,,0x000,,0x000,,0x000,44,0x02C,44,0x02C,45,0x02D,43,0x02B,49,0x031,41,0x029
,,,0x000,,0x000,,0x000,,0x000,,0x000,,0x000,,0x000,,0x000,,0x000,50,0x032,,0x000
CLAIM_RESULT,CWvsContext::OnClaimResult,,0x000,,0x000,,0x000,,0x000,,0x000,45,0x02D,45,0x02D,46,0x02E,44,0x02C,51,0x033,42,0x02A
CLAIM_AVAILABLE_TIME,CWvsContext::OnSetClaimSvrAvailableTime,,0x000,,0x000,,0x000,,0x000,,0x000,46,0x02E,46,0x02E,47,0x02F,45,0x02D,52,0x034,43,0x02B
CLAIM_STATUS_CHANGED,CWvsContext::OnClaimSvrStatusChanged,,0x000,,0x000,,0x000,,0x000,,0x000,47,0x02F,47,0x02F,48,0x030,46,0x02E,53,0x035,44,0x02C
SET_TAMING_MOB_INFO,CWvsContext::OnSetTamingMobInfo,,0x000,,0x000,,0x000,,0x000,,0x000,48,0x030,48,0x030,49,0x031,47,0x02F,54,0x036,45,0x02D
QUEST_CLEAR,CWvsContext::OnQuestClear,,0x000,,0x000,,0x000,,0x000,,0x000,49,0x031,49,0x031,50,0x032,48,0x030,55,0x037,46,0x02E
ENTRUSTED_SHOP_CHECK_RESULT,CWvsContext::OnEntrustedShopCheckResult,,0x000,,0x000,,0x000,,0x000,,0x000,50,0x032,50,0x032,51,0x033,49,0x031,56,0x038,47,0x02F
SKILL_LEARN_ITEM_RESULT,CWvsContext::OnSkillLearnItemResult,,0x000,,0x000,,0x000,,0x000,,0x000,51,0x033,51,0x033,52,0x034,50,0x032,57,0x039,48,0x030
SKILL_RESET_ITEM_RESULT,CWvsContext::OnSkillResetItemResult,,0x000,,0x000,,0x000,,0x000,,0x000,,0x000,,0x000,,0x000,51,0x033,58,0x03A,,0x000
,,,0x000,,0x000,,0x000,,0x000,,0x000,,0x000,,0x000,,0x000,,0x000,59,0x03B,,0x000
,,,0x000,,0x000,,0x000,,0x000,,0x000,,0x000,,0x000,,0x000,,0x000,60,0x03C,,0x000
,,,0x000,,0x000,,0x000,,0x000,,0x000,,0x000,,0x000,,0x000,,0x000,61,0x03D,,0x000
,,,0x000,,0x000,,0x000,,0x000,,0x000,,0x000,,0x000,,0x000,,0x000,62,0x03E,,0x000
GATHER_ITEM_RESULT,CWvsContext::OnGatherItemResult,,0x000,,0x000,,0x000,,0x000,,0x000,52,0x034,52,0x034,53,0x035,52,0x034,63,0x03F,49,0x031
SORT_ITEM_RESULT,CWvsContext::OnSortItemResult,,0x000,,0x000,,0x000,,0x000,,0x000,53,0x035,53,0x035,54,0x036,53,0x035,64,0x040,50,0x032
,,,0x000,,0x000,,0x000,,0x000,,0x000,54,0x036,54,0x036,55,0x037,54,0x036,65,0x041,,0x000
SUE_CHARACTER_RESULT,CWvsContext::OnSueCharacterResult,31,0x01F,,0x000,,0x000,,0x000,,0x000,55,0x037,55,0x037,56,0x038,55,0x037,66,0x042,,0x000
,,,0x000,,0x000,,0x000,,0x000,,0x000,56,0x038,56,0x038,57,0x039,56,0x038,67,0x043,,0x000
TRADE_MONEY_LIMIT,CWvsContext::OnTradeMoneyLimit,,0x000,,0x000,,0x000,,0x000,,0x000,57,0x039,57,0x039,58,0x03A,57,0x039,68,0x044,,0x000
SET_GENDER,CWvsContext::OnSetGender,,0x000,,0x000,,0x000,,0x000,,0x000,58,0x03A,58,0x03A,59,0x03B,58,0x03A,69,0x045,,0x000
GUILD_BBS_PACKET,CWvsContext::OnGuildBBSPacket,,0x000,,0x000,,0x000,,0x000,,0x000,59,0x03B,59,0x03B,60,0x03C,59,0x03B,70,0x046,,0x000
,,,0x000,,0x000,,0x000,,0x000,,0x000,60,0x03C,60,0x03C,61,0x03D,60,0x03C,71,0x047,,0x000
,,,0x000,,0x000,,0x000,,0x000,,0x000,,0x000,,0x000,,0x000,,0x000,72,0x048,,0x000
CHAR_INFO,CWvsContext::OnCharacterInfo,34,0x022,,0x000,,0x000,,0x000,,0x000,61,0x03D,61,0x03D,62,0x03E,61,0x03D,73,0x049,53,0x035
PARTY_OPERATION,CWvsContext::OnPartyResult,35,0x023,,0x000,,0x000,,0x000,,0x000,62,0x03E,62,0x03E,63,0x03F,62,0x03E,74,0x04A,54,0x036
,,,0x000,,0x000,,0x000,,0x000,,0x000,,0x000,,0x000,,0x000,,0x000,75,0x04B,,0x000
,,,0x000,,0x000,,0x000,,0x000,,0x000,,0x000,,0x000,,0x000,,0x000,76,0x04C,,0x000
,,,0x000,,0x000,,0x000,,0x000,,0x000,,0x000,,0x000,,0x000,,0x000,77,0x04D,,0x000
,,,0x000,,0x000,,0x000,,0x000,,0x000,,0x000,63,0x03F,64,0x040,63,0x03F,78,0x04E,,0x000
EXPEDITION_RESULT,CWvsContext::OnExpedtionResult,,0x000,,0x000,,0x000,,0x000,,0x000,,0x000,64,0x040,65,0x041,64,0x040,79,0x04F,,0x000
BUDDYLIST,CWvsContext::OnFriendResult,36,0x024,,0x000,,0x000,,0x000,,0x000,63,0x03F,65,0x041,66,0x042,65,0x041,80,0x050,57,0x039
,,,0x000,,0x000,,0x000,,0x000,,0x000,64,0x040,66,0x042,67,0x043,66,0x042,81,0x051,,0x000
GUILD_OPERATION,CWvsContext::OnGuildResult,,0x000,,0x000,,0x000,,0x000,,0x000,65,0x041,67,0x043,68,0x044,67,0x043,82,0x052,59,0x03B
ALLIANCE_OPERATION,CWvsContext::OnAllianceResult,,0x000,,0x000,,0x000,,0x000,,0x000,66,0x042,68,0x044,69,0x045,68,0x044,83,0x053,60,0x03C
SPAWN_PORTAL,CWvsContext::OnTownPortal,37,0x025,,0x000,,0x000,,0x000,,0x000,67,0x043,69,0x045,70,0x046,69,0x045,84,0x054,61,0x03D
OPEN_GATE,CWvsContext::OnOpenGate,,0x000,,0x000,,0x000,,0x000,,0x000,,0x000,,0x000,71,0x047,70,0x046,85,0x055,,0x000
,,,0x000,,0x000,,0x000,,0x000,,0x000,,0x000,,0x000,,0x000,,0x000,86,0x056,,0x000
,,,0x000,,0x000,,0x000,,0x000,,0x000,,0x000,,0x000,,0x000,,0x000,87,0x057,,0x000
SERVERMESSAGE,CWvsContext::OnBroadcastMsg,38,0x026,,0x000,,0x000,,0x000,,0x000,68,0x044,70,0x046,72,0x048,71,0x047,88,0x058,62,0x03E
INCUBATOR_RESULT,CWvsContext::OnIncubatorResult,,0x000,,0x000,,0x000,,0x000,,0x000,69,0x045,71,0x047,73,0x049,72,0x048,89,0x059,63,0x03F
SHOP_SCANNER_RESULT,CWvsContext::OnShopScannerResult,,0x000,,0x000,,0x000,,0x000,,0x000,70,0x046,72,0x048,74,0x04A,73,0x049,90,0x05A,64,0x040
SHOP_LINK_RESULT,CWvsContext::OnShopLinkResult,,0x000,,0x000,,0x000,,0x000,,0x000,71,0x047,73,0x049,75,0x04B,74,0x04A,91,0x05B,65,0x041
MARRIAGE_REQUEST,CWvsContext::OnMarriageRequest,,0x000,,0x000,,0x000,,0x000,,0x000,72,0x048,74,0x04A,76,0x04C,75,0x04B,92,0x05C,66,0x042
MARRIAGE_RESULT,CWvsContext::OnMarriageResult,,0x000,,0x000,,0x000,,0x000,,0x000,73,0x049,75,0x04B,77,0x04D,76,0x04C,93,0x05D,67,0x043
WEDDING_GIFT_RESULT,CWvsContext::OnWeddingGiftResult,,0x000,,0x000,,0x000,,0x000,,0x000,74,0x04A,76,0x04C,78,0x04E,77,0x04D,94,0x05E,68,0x044
NOTIFY_MARRIED_PARTNER_MAP_TRANSFER,CWvsContext::OnNotifyMarriedPartnerMapTransfer,,0x000,,0x000,,0x000,,0x000,,0x000,75,0x04B,77,0x04D,79,0x04F,78,0x04E,95,0x05F,69,0x045
CASH_PET_FOOD_RESULT,CWvsContext::OnCashPetFoodResult,,0x000,,0x000,,0x000,,0x000,,0x000,76,0x04C,78,0x04E,80,0x050,79,0x04F,96,0x060,70,0x046
SET_WEEK_EVENT_MESSAGE,CWvsContext::OnSetWeekEventMessage,,0x000,,0x000,,0x000,,0x000,,0x000,77,0x04D,79,0x04F,81,0x051,80,0x050,97,0x061,71,0x047
SET_POTION_DISCOUNT_RATE,CWvsContext::OnSetPotionDiscountRate,,0x000,,0x000,,0x000,,0x000,,0x000,78,0x04E,80,0x050,82,0x052,81,0x051,98,0x062,72,0x048
BRIDLE_MOB_CATCH_FAIL,CWvsContext::OnBridleMobCatchFail,,0x000,,0x000,,0x000,,0x000,,0x000,79,0x04F,81,0x051,83,0x053,82,0x052,99,0x063,73,0x049
MINIGAME_PACHINKO_UPDATE_DAMA,,,0x000,,0x000,,0x000,,0x000,,0x000,,0x000,,0x000,,0x000,,0x000,,0x000,75,0x04B
IMITATED_NPC_RESULT,CWvsContext::OnImitatedNPCResult,,0x000,,0x000,,0x000,,0x000,,0x000,80,0x050,82,0x052,84,0x054,83,0x053,100,0x064,,0x000
IMITATED_NPC_DATA,CNpcPool::OnNpcImitateData,,0x000,,0x000,,0x000,,0x000,,0x000,81,0x051,83,0x053,85,0x055,84,0x054,101,0x065,85,0x055
LIMITED_NPC_DISABLE_INFO,CNpcPool::OnUpdateLimitedDisableInfo,,0x000,,0x000,,0x000,,0x000,,0x000,82,0x052,84,0x054,86,0x056,85,0x055,102,0x066,86,0x056
MONSTER_BOOK_SET_CARD,CWvsContext::OnMonsterBookSetCard,,0x000,,0x000,,0x000,,0x000,,0x000,83,0x053,85,0x055,87,0x057,86,0x056,103,0x067,87,0x057
,,,0x000,,0x000,,0x000,,0x000,,0x000,,0x000,,0x000,,0x000,,0x000,104,0x068,,0x000
MONSTER_BOOK_SET_COVER,CWvsContext::OnMonsterBookSetCover,,0x000,,0x000,,0x000,,0x000,,0x000,84,0x054,86,0x056,88,0x058,87,0x057,105,0x069,88,0x058
,,,0x000,,0x000,,0x000,,0x000,,0x000,,0x000,,0x000,,0x000,,0x000,106,0x06A,,0x000
,,,0x000,,0x000,,0x000,,0x000,,0x000,,0x000,,0x000,,0x000,,0x000,107,0x06B,,0x000
,,,0x000,,0x000,,0x000,,0x000,,0x000,,0x000,,0x000,,0x000,,0x000,108,0x06C,,0x000
,,,0x000,,0x000,,0x000,,0x000,,0x000,,0x000,,0x000,,0x000,,0x000,109,0x06D,,0x000
,,,0x000,,0x000,,0x000,,0x000,,0x000,,0x000,,0x000,,0x000,,0x000,110,0x06E,,0x000
HOUR_CHANGED,CWvsContext::OnHourChanged,,0x000,,0x000,,0x000,,0x000,,0x000,85,0x055,87,0x057,89,0x059,88,0x058,111,0x06F,,0x000
MINIMAP_ON_OFF,CWvsContext::OnMiniMapOnOff,,0x000,,0x000,,0x000,,0x000,,0x000,86,0x056,88,0x058,90,0x05A,89,0x059,112,0x070,93,0x05D
CONSULT_AUTHKEY_UPDATE,CWvsContext::OnConsultAuthkeyUpdate,,0x000,,0x000,,0x000,,0x000,,0x000,87,0x057,89,0x059,91,0x05B,90,0x05A,113,0x071,94,0x05E
CLASS_COMPETITION_AUTHKEY_UPDATE,CWvsContext::OnClassCompetitionAuthkeyUpdate,,0x000,,0x000,,0x000,,0x000,,0x000,88,0x058,90,0x05A,92,0x05C,91,0x05B,114,0x072,95,0x05F
WEB_BOARD_AUTHKEY_UPDATE,CWvsContext::OnWebBoardAuthkeyUpdate,,0x000,,0x000,,0x000,,0x000,,0x000,89,0x059,91,0x05B,93,0x05D,92,0x05C,115,0x073,96,0x060
SESSION_VALUE,CWvsContext::OnSessionValue,,0x000,,0x000,,0x000,,0x000,,0x000,90,0x05A,92,0x05C,94,0x05E,93,0x05D,116,0x074,97,0x061
PARTY_VALUE,CWvsContext::OnPartyValue,,0x000,,0x000,,0x000,,0x000,,0x000,91,0x05B,93,0x05D,95,0x05F,94,0x05E,117,0x075,98,0x062
FIELD_SET_VARIABLE,CWvsContext::OnFieldSetVariable,,0x000,,0x000,,0x000,,0x000,,0x000,92,0x05C,94,0x05E,96,0x060,95,0x05F,118,0x076,99,0x063
,,,0x000,,0x000,,0x000,,0x000,,0x000,,0x000,,0x000,,0x000,,0x000,119,0x077,,0x000
BONUS_EXP_CHANGED,CWvsContext::OnBonusExpRateChanged,,0x000,,0x000,,0x000,,0x000,,0x000,93,0x05D,95,0x05F,97,0x061,96,0x060,120,0x078,100,0x064
POTION_DISCOUNT_RATE_CHANGED,CWvsContext::OnPotionDiscountRateChanged,,0x000,,0x000,,0x000,,0x000,,0x000,,0x000,96,0x060,98,0x062,97,0x061,121,0x079,,0x000
FAMILY_CHART_RESULT,CWvsContext::OnFamilyChartResult,,0x000,,0x000,,0x000,,0x000,,0x000,94,0x05E,97,0x061,99,0x063,98,0x062,122,0x07A,101,0x065
FAMILY_INFO_RESULT,CWvsContext::OnFamilyInfoResult,,0x000,,0x000,,0x000,,0x000,,0x000,95,0x05F,98,0x062,100,0x064,99,0x063,123,0x07B,102,0x066
FAMILY_RESULT,CWvsContext::OnFamilyResult,,0x000,,0x000,,0x000,,0x000,,0x000,96,0x060,99,0x063,101,0x065,100,0x064,124,0x07C,103,0x067
FAMILY_JOIN_REQUEST,CWvsContext::OnFamilyJoinRequest,,0x000,,0x000,,0x000,,0x000,,0x000,97,0x061,100,0x064,102,0x066,101,0x065,125,0x07D,104,0x068
FAMILY_JOIN_REQUEST_RESULT,CWvsContext::OnFamilyJoinRequestResult,,0x000,,0x000,,0x000,,0x000,,0x000,98,0x062,101,0x065,103,0x067,102,0x066,126,0x07E,105,0x069
FAMILY_JOIN_ACCEPTED,CWvsContext::OnFamilyJoinAccepted,,0x000,,0x000,,0x000,,0x000,,0x000,99,0x063,102,0x066,104,0x068,103,0x067,127,0x07F,106,0x06A
FAMILY_PRIVILEGE_LIST,CWvsContext::OnFamilyPrivilegeList,,0x000,,0x000,,0x000,,0x000,,0x000,100,0x064,103,0x067,105,0x069,104,0x068,128,0x080,107,0x06B
FAMILY_REP_GAIN,CWvsContext::OnFamilyFamousPointIncResult,,0x000,,0x000,,0x000,,0x000,,0x000,101,0x065,104,0x068,106,0x06A,105,0x069,129,0x081,108,0x06C
FAMILY_NOTIFY_LOGIN_OR_LOGOUT,CWvsContext::OnFamilyNotifyLoginOrLogout,,0x000,,0x000,,0x000,,0x000,,0x000,102,0x066,105,0x069,107,0x06B,106,0x06A,130,0x082,109,0x06D
FAMILY_SET_PRIVILEGE,CWvsContext::OnFamilySetPrivilege,,0x000,,0x000,,0x000,,0x000,,0x000,103,0x067,106,0x06A,108,0x06C,107,0x06B,131,0x083,110,0x06E
FAMILY_SUMMON_REQUEST,CWvsContext::OnFamilySummonRequest,,0x000,,0x000,,0x000,,0x000,,0x000,104,0x068,107,0x06B,109,0x06D,108,0x06C,132,0x084,111,0x06F
NOTIFY_LEVELUP,CWvsContext::OnNotifyLevelUp,,0x000,,0x000,,0x000,,0x000,,0x000,105,0x069,108,0x06C,110,0x06E,109,0x06D,133,0x085,112,0x070
NOTIFY_MARRIAGE,CWvsContext::OnNotifyWedding,,0x000,,0x000,,0x000,,0x000,,0x000,106,0x06A,109,0x06D,111,0x06F,110,0x06E,134,0x086,113,0x071
NOTIFY_JOB_CHANGE,CWvsContext::OnNotifyJobChange,,0x000,,0x000,,0x000,,0x000,,0x000,107,0x06B,110,0x06E,112,0x070,111,0x06F,135,0x087,114,0x072
,,,0x000,,0x000,,0x000,,0x000,,0x000,108,0x06C,111,0x06F,113,0x071,112,0x070,136,0x088,,0x000
MAPLE_TV_USE_RES,CWvsContext::OnMapleTVUseRes,,0x000,,0x000,,0x000,,0x000,,0x000,109,0x06D,112,0x070,114,0x072,113,0x071,137,0x089,,0x000
AVATAR_MEGAPHONE_RESULT,CWvsContext::OnAvatarMegaphoneRes,,0x000,,0x000,,0x000,,0x000,,0x000,110,0x06E,113,0x071,115,0x073,114,0x072,138,0x08A,,0x000
SET_AVATAR_MEGAPHONE,CWvsContext::OnSetAvatarMegaphone,,0x000,,0x000,,0x000,,0x000,,0x000,111,0x06F,114,0x072,116,0x074,115,0x073,139,0x08B,90,0x05A
CLEAR_AVATAR_MEGAPHONE,CWvsContext::OnClearAvatarMegaphone,,0x000,,0x000,,0x000,,0x000,,0x000,112,0x070,115,0x073,117,0x075,116,0x074,140,0x08C,91,0x05B
CANCEL_NAME_CHANGE_RESULT,CWvsContext::OnCancelNameChangeResult,,0x000,,0x000,,0x000,,0x000,,0x000,113,0x071,116,0x074,118,0x076,117,0x075,141,0x08D,,0x000
CANCEL_TRANSFER_WORLD_RESULT,CWvsContext::OnCancelTransferWorldResult,,0x000,,0x000,,0x000,,0x000,,0x000,114,0x072,117,0x075,119,0x077,118,0x076,142,0x08E,,0x000
DESTROY_SHOP_RESULT,CWvsContext::OnDestroyShopResult,,0x000,,0x000,,0x000,,0x000,,0x000,115,0x073,118,0x076,120,0x078,119,0x077,143,0x08F,,0x000
FAKE_GM_NOTICE,CWvsContext::OnFakeGMNotice,,0x000,,0x000,,0x000,,0x000,,0x000,116,0x074,119,0x077,121,0x079,120,0x078,144,0x090,,0x000
SUCCESS_IN_USE_GACHAPON_BOX,CWvsContext::OnSuccessInUsegachaponBox,,0x000,,0x000,,0x000,,0x000,,0x000,117,0x075,120,0x078,122,0x07A,121,0x079,145,0x091,117,0x075
NEW_YEAR_CARD_RES,CWvsContext::OnNewYearCardRes,,0x000,,0x000,,0x000,,0x000,,0x000,118,0x076,121,0x079,123,0x07B,122,0x07A,146,0x092,,0x000
RANDOM_MORPH_RES,CWvsContext::OnRandomMorphRes,,0x000,,0x000,,0x000,,0x000,,0x000,119,0x077,122,0x07A,124,0x07C,123,0x07B,147,0x093,,0x000
CANCEL_NAME_CHANGE_BY_OTHER,CWvsContext::OnCancelNameChangebyOther,,0x000,,0x000,,0x000,,0x000,,0x000,120,0x078,123,0x07B,125,0x07D,124,0x07C,148,0x094,,0x000
SET_EXTRA_PENDANT_SLOT,CWvsContext::OnSetBuyEquipExt,,0x000,,0x000,,0x000,,0x000,,0x000,121,0x079,124,0x07C,127,0x07F,125,0x07D,149,0x095,,0x000
,CWvsContext::OnSetPassenserRequest,,0x000,,0x000,,0x000,,0x000,,0x000,,0x000,,0x000,,0x000,126,0x07E,150,0x096,,0x000
SCRIPT_PROGRESS_MESSAGE,CWvsContext::OnScriptProgressMessage,,0x000,,0x000,,0x000,,0x000,,0x000,122,0x07A,125,0x07D,128,0x080,127,0x07F,151,0x097,118,0x076
,,,0x000,,0x000,,0x000,,0x000,,0x000,,0x000,,0x000,,0x000,,0x000,152,0x098,,0x000
,,,0x000,,0x000,,0x000,,0x000,,0x000,,0x000,,0x000,,0x000,,0x000,153,0x099,,0x000
DATA_CRC_CHECK_FAILED,CWvsContext::OnDataCRCCheckFailed,,0x000,,0x000,,0x000,,0x000,,0x000,123,0x07B,126,0x07E,129,0x081,128,0x080,154,0x09A,119,0x077
CAKE_PIE_EVENT_RESULT,CWvsContext::OnCakePieEventResult,,0x000,,0x000,,0x000,,0x000,,0x000,,0x000,127,0x07F,130,0x082,129,0x081,155,0x09B,,0x000
UPDATE_GM_BOARD,CWvsContext::OnUpdateGMBoard,,0x000,,0x000,,0x000,,0x000,,0x000,,0x000,128,0x080,131,0x083,130,0x082,156,0x09C,,0x000
SHOW_SLOT_MESSAGE,CWvsContext::OnShowSlotMessage,,0x000,,0x000,,0x000,,0x000,,0x000,,0x000,129,0x081,132,0x084,131,0x083,157,0x09D,,0x000
WILD_HUNTER_INFO,CWvsContext::OnWildHunterInfo,,0x000,,0x000,,0x000,,0x000,,0x000,,0x000,,0x000,,0x000,132,0x084,158,0x09E,,0x000
ACCOUNT_MORE_INFO,CWvsContext::OnAccountMoreInfo,,0x000,,0x000,,0x000,,0x000,,0x000,,0x000,130,0x082,133,0x085,133,0x085,159,0x09F,,0x000
FIND_FRIEND,CWvsContext::OnFindFirend,,0x000,,0x000,,0x000,,0x000,,0x000,,0x000,131,0x083,134,0x086,134,0x086,160,0x0A0,,0x000
STAGE_CHANGE,CWvsContext::OnStageChange,,0x000,,0x000,,0x000,,0x000,,0x000,,0x000,,0x000,135,0x087,135,0x087,161,0x0A1,,0x000
DRAGON_BALL_BOX,CWvsContext::OnDragonBallBox,,0x000,,0x000,,0x000,,0x000,,0x000,,0x000,,0x000,136,0x088,136,0x088,162,0x0A2,,0x000
ASK_WHETHER_USE_PAMS_SONG,CWvsContext::OnAskWhetherUsePamsSong,,0x000,,0x000,,0x000,,0x000,,0x000,,0x000,,0x000,137,0x089,137,0x089,163,0x0A3,,0x000
TRANSFER_CHANNEL,CWvsContext::OnTransferChannel,,0x000,,0x000,,0x000,,0x000,,0x000,,0x000,,0x000,138,0x08A,138,0x08A,164,0x0A4,,0x000
DISALLOWED_DELIVERY_QUEST_LIST,CWvsContext::OnDisallowedDeliveryQuestList,,0x000,,0x000,,0x000,,0x000,,0x000,,0x000,,0x000,,0x000,139,0x08B,165,0x0A5,,0x000
,,,0x000,,0x000,,0x000,,0x000,,0x000,,0x000,,0x000,,0x000,,0x000,166,0x0A6,,0x000
,,,0x000,,0x000,,0x000,,0x000,,0x000,,0x000,,0x000,,0x000,,0x000,167,0x0A7,,0x000
,,,0x000,,0x000,,0x000,,0x000,,0x000,,0x000,,0x000,,0x000,,0x000,168,0x0A8,,0x000
,,,0x000,,0x000,,0x000,,0x000,,0x000,,0x000,,0x000,,0x000,,0x000,169,0x0A9,,0x000
,,,0x000,,0x000,,0x000,,0x000,,0x000,,0x000,,0x000,,0x000,,0x000,170,0x0AA,,0x000
,,,0x000,,0x000,,0x000,,0x000,,0x000,,0x000,,0x000,,0x000,,0x000,171,0x0AB,,0x000
,,,0x000,,0x000,,0x000,,0x000,,0x000,,0x000,,0x000,,0x000,,0x000,172,0x0AC,,0x000
,,,0x000,,0x000,,0x000,,0x000,,0x000,,0x000,,0x000,,0x000,,0x000,173,0x0AD,,0x000
,,,0x000,,0x000,,0x000,,0x000,,0x000,,0x000,,0x000,,0x000,,0x000,174,0x0AE,,0x000
,,,0x000,,0x000,,0x000,,0x000,,0x000,,0x000,,0x000,,0x000,,0x000,175,0x0AF,,0x000
,,,0x000,,0x000,,0x000,,0x000,,0x000,,0x000,,0x000,,0x000,,0x000,176,0x0B0,,0x000
,,,0x000,,0x000,,0x000,,0x000,,0x000,,0x000,,0x000,,0x000,,0x000,177,0x0B1,,0x000
,,,0x000,,0x000,,0x000,,0x000,,0x000,,0x000,,0x000,,0x000,,0x000,178,0x0B2,,0x000
,,,0x000,,0x000,,0x000,,0x000,,0x000,,0x000,,0x000,,0x000,,0x000,179,0x0B3,,0x000
,,,0x000,,0x000,,0x000,,0x000,,0x000,,0x000,,0x000,,0x000,,0x000,180,0x0B4,,0x000
,,,0x000,,0x000,,0x000,,0x000,,0x000,,0x000,,0x000,,0x000,,0x000,181,0x0B5,,0x000
,,,0x000,,0x000,,0x000,,0x000,,0x000,,0x000,,0x000,,0x000,,0x000,182,0x0B6,,0x000
,,,0x000,,0x000,,0x000,,0x000,,0x000,,0x000,,0x000,,0x000,,0x000,183,0x0B7,,0x000
MACRO_SYS_DATA_INIT,CWvsContext::OnMacroSysDataInit,,0x000,,0x000,,0x000,,0x000,,0x000,124,0x07C,132,0x084,139,0x08B,140,0x08C,184,0x0B8,122,0x07A
SET_FIELD,CStage::OnSetField,41,0x029,,0x000,,0x000,,0x000,,0x000,125,0x07D,133,0x085,140,0x08C,141,0x08D,185,0x0B9,123,0x07B
SET_ITC,CStage::OnSetITC,,0x000,,0x000,,0x000,,0x000,,0x000,126,0x07E,134,0x086,141,0x08D,142,0x08E,186,0x0BA,124,0x07C
SET_CASH_SHOP,CStage::OnSetCashShop,42,0x02A,,0x000,,0x000,,0x000,,0x000,127,0x07F,135,0x087,142,0x08E,143,0x08F,187,0x0BB,125,0x07D
SET_BACK_EFFECT,CMapLoadable::OnSetBackEffect,43,0x02B,,0x000,,0x000,,0x000,,0x000,128,0x080,136,0x088,143,0x08F,144,0x090,188,0x0BC,126,0x07E
SET_MAP_OBJECT_VISIBLE,CMapLoadable::OnSetMapObjectVisible,44,0x02C,,0x000,,0x000,,0x000,,0x000,129,0x081,137,0x089,144,0x090,145,0x091,189,0x0BD,127,0x07F
CLEAR_BACK_EFFECT,CMapLoadable::OnClearBackEffect,45,0x02D,,0x000,,0x000,,0x000,,0x000,130,0x082,138,0x08A,145,0x091,146,0x092,190,0x0BE,128,0x080
BLOCKED_MAP,CField::OnTransferFieldReqIgnored,45,0x02D,,0x000,,0x000,,0x000,,0x000,131,0x083,139,0x08B,146,0x092,147,0x093,191,0x0BF,129,0x081
BLOCKED_SERVER,CField::OnTransferChannelReqIgnored,46,0x02E,,0x000,,0x000,,0x000,,0x000,132,0x084,140,0x08C,147,0x093,148,0x094,192,0x0C0,130,0x082
,,,0x000,,0x000,,0x000,,0x000,,0x000,,0x000,,0x000,,0x000,,0x000,193,0x0C1,,0x000
FORCED_MAP_EQUIP,CField::OnFieldSpecificData,47,0x02F,,0x000,,0x000,,0x000,,0x000,133,0x085,141,0x08D,148,0x094,149,0x095,194,0x0C2,131,0x083
MULTICHAT,CField::OnGroupMessage,48,0x030,,0x000,,0x000,,0x000,,0x000,134,0x086,142,0x08E,149,0x095,150,0x096,195,0x0C3,132,0x084
WHISPER,CField::OnWhisper,49,0x031,,0x000,,0x000,,0x000,,0x000,135,0x087,143,0x08F,150,0x096,151,0x097,196,0x0C4,133,0x085
SPOUSE_CHAT,CField::OnCoupleMessage,,0x000,,0x000,,0x000,,0x000,,0x000,136,0x088,144,0x090,151,0x097,152,0x098,197,0x0C5,,0x000
SUMMON_ITEM_INAVAILABLE,CField::OnSummonItemInavailable,50,0x032,,0x000,,0x000,,0x000,,0x000,137,0x089,145,0x091,152,0x098,153,0x099,198,0x0C6,134,0x086
FIELD_EFFECT,CField::OnFieldEffect,51,0x033,,0x000,,0x000,,0x000,,0x000,138,0x08A,146,0x092,153,0x099,154,0x09A,199,0x0C7,135,0x087
FIELD_OBSTACLE_ONOFF,CField::OnFieldObstacleOnOff,,0x000,,0x000,,0x000,,0x000,,0x000,139,0x08B,147,0x093,154,0x09A,155,0x09B,200,0x0C8,136,0x088
FIELD_OBSTACLE_ONOFF_LIST,CField::OnFieldObstacleOnOffStatus,,0x000,,0x000,,0x000,,0x000,,0x000,140,0x08C,148,0x094,155,0x09B,156,0x09C,201,0x0C9,137,0x089
FIELD_OBSTACLE_ALL_RESET,CField::OnFieldObstacleAllRese,,0x000,,0x000,,0x000,,0x000,,0x000,141,0x08D,149,0x095,156,0x09C,157,0x09D,202,0x0CA,138,0x08A
BLOW_WEATHER,CField::OnBlowWeather,52,0x034,,0x000,,0x000,,0x000,,0x000,142,0x08E,150,0x096,157,0x09D,158,0x09E,203,0x0CB,139,0x08B
PLAY_JUKEBOX,CField::OnPlayJukeBox,53,0x035,,0x000,,0x000,,0x000,,0x000,143,0x08F,151,0x097,158,0x09E,159,0x09F,204,0x0CC,140,0x08C
ADMIN_RESULT,CField::OnAdminResult,54,0x036,,0x000,,0x000,,0x000,,0x000,144,0x090,152,0x098,159,0x09F,160,0x0A0,205,0x0CD,141,0x08D
OX_QUIZ,CField::OnQuiz,55,0x037,,0x000,,0x000,,0x000,,0x000,145,0x091,153,0x099,160,0x0A0,161,0x0A1,206,0x0CE,142,0x08E
GMEVENT_INSTRUCTIONS,CField::OnDesc,56,0x038,,0x000,,0x000,,0x000,,0x000,146,0x092,154,0x09A,161,0x0A1,162,0x0A2,207,0x0CF,143,0x08F
CLOCK,CField::OnClock,57,0x039,,0x000,,0x000,,0x000,,0x000,147,0x093,155,0x09B,162,0x0A2,163,0x0A3,208,0x0D0,144,0x090
CONTI_MOVE,CField_ContiMove::OnContiMove,58,0x03A,,0x000,,0x000,,0x000,,0x000,148,0x094,156,0x09C,163,0x0A3,164,0x0A4,209,0x0D1,145,0x091
CONTI_STATE,CField_ContiMove::OnContiState,59,0x03B,,0x000,,0x000,,0x000,,0x000,149,0x095,157,0x09D,164,0x0A4,165,0x0A5,210,0x0D2,146,0x092
SET_QUEST_CLEAR,CField::OnSetQuestClear,,0x000,,0x000,,0x000,,0x000,,0x000,150,0x096,158,0x09E,165,0x0A5,166,0x0A6,211,0x0D3,147,0x093
SET_QUEST_TIME,CField::OnSetQuestTime,,0x000,,0x000,,0x000,,0x000,,0x000,151,0x097,159,0x09F,166,0x0A6,167,0x0A7,212,0x0D4,148,0x094
ARIANT_RESULT,CField::OnWarnMessage,,0x000,,0x000,,0x000,,0x000,,0x000,152,0x098,160,0x0A0,167,0x0A7,168,0x0A8,213,0x0D5,,0x000
SET_OBJECT_STATE,CField::OnSetObjectState,,0x000,,0x000,,0x000,,0x000,,0x000,153,0x099,161,0x0A1,168,0x0A8,169,0x0A9,214,0x0D6,149,0x095
STOP_CLOCK,CField::OnDestroyClock,,0x000,,0x000,,0x000,,0x000,,0x000,154,0x09A,162,0x0A2,169,0x0A9,170,0x0AA,215,0x0D7,150,0x096
ARIANT_ARENA_SHOW_RESULT,CField_AriantArena::OnShowResult,,0x000,,0x000,,0x000,,0x000,,0x000,155,0x09B,163,0x0A3,170,0x0AA,171,0x0AB,216,0x0D8,151,0x097
,CField::OnStalkResult,,0x000,,0x000,,0x000,,0x000,,0x000,156,0x09C,164,0x0A4,171,0x0AB,172,0x0AC,217,0x0D9,152,0x098
PYRAMID_GAUGE,CField_Massacre::OnMassacreIncGauge,,0x000,,0x000,,0x000,,0x000,,0x000,157,0x09D,165,0x0A5,172,0x0AC,173,0x0AD,218,0x0DA,153,0x099
PYRAMID_SCORE,CField_MassacreResult::OnMassacreResult,,0x000,,0x000,,0x000,,0x000,,0x000,158,0x09E,166,0x0A6,173,0x0AD,174,0x0AE,219,0x0DB,154,0x09A
QUICKSLOT_INIT,CQuickslotKeyMappedMan::OnInit,,0x000,,0x000,,0x000,,0x000,,0x000,159,0x09F,167,0x0A7,174,0x0AE,175,0x0AF,220,0x0DC,155,0x09B
,CField::OnFootHoldInfo,,0x000,,0x000,,0x000,,0x000,,0x000,,0x000,168,0x0A8,175,0x0AF,176,0x0B0,221,0x0DD,,0x000
,CField::OnRequestFootHoldInfo,,0x000,,0x000,,0x000,,0x000,,0x000,,0x000,169,0x0A9,176,0x0B0,177,0x0B1,222,0x0DE,,0x000
,CField_KillCount::OnKillCountInfo,,0x000,,0x000,,0x000,,0x000,,0x000,,0x000,170,0x0AA,,0x000,178,0x0B2,223,0x0DF,,0x000
,,,0x000,,0x000,,0x000,,0x000,,0x000,,0x000,,0x000,,0x000,,0x000,224,0x0E0,,0x000
,,,0x000,,0x000,,0x000,,0x000,,0x000,,0x000,,0x000,,0x000,,0x000,225,0x0E1,,0x000
,,,0x000,,0x000,,0x000,,0x000,,0x000,,0x000,,0x000,,0x000,,0x000,226,0x0E2,,0x000
,,,0x000,,0x000,,0x000,,0x000,,0x000,,0x000,,0x000,,0x000,,0x000,227,0x0E3,,0x000
,,,0x000,,0x000,,0x000,,0x000,,0x000,,0x000,,0x000,,0x000,,0x000,228,0x0E4,,0x000
,,,0x000,,0x000,,0x000,,0x000,,0x000,,0x000,,0x000,,0x000,,0x000,229,0x0E5,,0x000
SPAWN_PLAYER,CUserPool::OnUserEnterField,63,0x03F,,0x000,,0x000,,0x000,,0x000,160,0x0A0,171,0x0AB,177,0x0B1,179,0x0B3,230,0x0E6,158,0x09E
REMOVE_PLAYER_FROM_MAP,CUserPool::OnUserLeaveField,64,0x040,,0x000,,0x000,,0x000,,0x000,161,0x0A1,172,0x0AC,178,0x0B2,180,0x0B4,231,0x0E7,159,0x09F
CHATTEXT,CUser::OnChat,65,0x041,,0x000,,0x000,,0x000,,0x000,162,0x0A2,173,0x0AD,179,0x0B3,181,0x0B5,232,0x0E8,160,0x0A0
CHATTEXT1,CUser::OnChat,66,0x042,,0x000,,0x000,,0x000,,0x000,163,0x0A3,174,0x0AE,180,0x0B4,182,0x0B6,233,0x0E9,161,0x0A1
CHALKBOARD,CUser::OnADBoard,67,0x043,,0x000,,0x000,,0x000,,0x000,164,0x0A4,175,0x0AF,181,0x0B5,183,0x0B7,234,0x0EA,162,0x0A2
UPDATE_CHAR_BOX,CUser::OnMiniRoomBalloon,,0x000,,0x000,,0x000,,0x000,,0x000,165,0x0A5,176,0x0B0,182,0x0B6,184,0x0B8,235,0x0EB,163,0x0A3
SHOW_CONSUME_EFFECT,CUser::SetConsumeItemEffect,68,0x044,,0x000,,0x000,,0x000,,0x000,166,0x0A6,177,0x0B1,183,0x0B7,185,0x0B9,236,0x0EC,164,0x0A4
SHOW_SCROLL_EFFECT,CUser::ShowItemUpgradeEffect,,0x000,,0x000,,0x000,,0x000,,0x000,167,0x0A7,178,0x0B2,184,0x0B8,186,0x0BA,237,0x0ED,165,0x0A5
SHOW_ITEM_HYPER_UPGRADE_EFFECT,CUser::ShowItemHyperUpgradeEffect,,0x000,,0x000,,0x000,,0x000,,0x000,,0x000,179,0x0B3,185,0x0B9,187,0x0BB,238,0x0EE,,0x000
SHOW_ITEM_OPTION_UPGRADE_EFFECT,CUser::ShowItemOptionUpgradeEffect,,0x000,,0x000,,0x000,,0x000,,0x000,,0x000,,0x000,186,0x0BA,188,0x0BC,239,0x0EF,,0x000
SHOW_ITEM_RELEASE_EFFECT,CUser::ShowItemReleaseEffect,,0x000,,0x000,,0x000,,0x000,,0x000,,0x000,,0x000,187,0x0BB,189,0x0BD,240,0x0F0,,0x000
SHOW_ITEM_UNRELEASE_EFFECT,CUser::ShowItemUnreleaseEffect,,0x000,,0x000,,0x000,,0x000,,0x000,,0x000,,0x000,188,0x0BC,190,0x0BE,241,0x0F1,,0x000
HIT_BY_USER,CUser::OnHitByUser,,0x000,,0x000,,0x000,,0x000,,0x000,,0x000,,0x000,189,0x0BD,191,0x0BF,242,0x0F2,,0x000
,,,0x000,,0x000,,0x000,,0x000,,0x000,,0x000,,0x000,,0x000,,0x000,243,0x0F3,,0x000
,,,0x000,,0x000,,0x000,,0x000,,0x000,,0x000,,0x000,,0x000,,0x000,244,0x0F4,,0x000
,,,0x000,,0x000,,0x000,,0x000,,0x000,,0x000,,0x000,,0x000,,0x000,245,0x0F5,,0x000
,,,0x000,,0x000,,0x000,,0x000,,0x000,,0x000,,0x000,,0x000,,0x000,246,0x0F6,,0x000
,,,0x000,,0x000,,0x000,,0x000,,0x000,,0x000,,0x000,,0x000,,0x000,247,0x0F7,,0x000
TESLA_TRIANGLE,CUser::OnTeslaTriangle,,0x000,,0x000,,0x000,,0x000,,0x000,,0x000,,0x000,190,0x0BE,192,0x0C0,248,0x0F8,,0x000
FOLLOW_CHARACTER,CUser::OnFollowCharacter,,0x000,,0x000,,0x000,,0x000,,0x000,,0x000,,0x000,191,0x0BF,193,0x0C1,249,0x0F9,,0x000
SHOW_PQ_REWARD,CUser::OnShowPQReward,,0x000,,0x000,,0x000,,0x000,,0x000,,0x000,,0x000,,0x000,194,0x0C2,250,0x0FA,,0x000
,,,0x000,,0x000,,0x000,,0x000,,0x000,,0x000,,0x000,,0x000,,0x000,251,0x0FB,,0x000
,,,0x000,,0x000,,0x000,,0x000,,0x000,,0x000,,0x000,,0x000,,0x000,252,0x0FC,,0x000
,,,0x000,,0x000,,0x000,,0x000,,0x000,,0x000,,0x000,,0x000,,0x000,253,0x0FD,,0x000
,,,0x000,,0x000,,0x000,,0x000,,0x000,,0x000,,0x000,,0x000,,0x000,254,0x0FE,,0x000
,,,0x000,,0x000,,0x000,,0x000,,0x000,,0x000,,0x000,,0x000,,0x000,255,0x0FF,,0x000
,,,0x000,,0x000,,0x000,,0x000,,0x000,,0x000,,0x000,,0x000,,0x000,256,0x100,,0x000
SET_PHASE,CUser::OnSetPhase,,0x000,,0x000,,0x000,,0x000,,0x000,,0x000,,0x000,192,0x0C0,195,0x0C3,257,0x101,,0x000
,,,0x000,,0x000,,0x000,,0x000,,0x000,,0x000,,0x000,193,0x0C1,196,0x0C4,258,0x102,,0x000
SHOW_RECOVERY_UPGRADE_COUNT_EFFECT,CUser::ShowRecoverUpgradeCountEffect,,0x000,,0x000,,0x000,,0x000,,0x000,,0x000,,0x000,194,0x0C2,197,0x0C5,259,0x103,,0x000
SPAWN_PET,CUser::OnPetPacket,70,0x046,,0x000,,0x000,,0x000,,0x000,168,0x0A8,180,0x0B4,195,0x0C3,198,0x0C6,260,0x104,173,0x0AD
EVOLVE_PET,CUser::OnPetPacket,,0x000,,0x000,,0x000,,0x000,,0x000,169,0x0A9,181,0x0B5,196,0x0C4,199,0x0C7,261,0x105,,0x000
,CUser::OnPetPacket,,0x000,,0x000,,0x000,,0x000,,0x000,,0x000,182,0x0B6,197,0x0C5,200,0x0C8,262,0x106,,0x000
MOVE_PET,CPet::OnMove,71,0x047,,0x000,,0x000,,0x000,,0x000,170,0x0AA,183,0x0B7,198,0x0C6,201,0x0C9,263,0x107,176,0x0B0
PET_CHAT,CPet::OnAction,72,0x048,,0x000,,0x000,,0x000,,0x000,171,0x0AB,184,0x0B8,199,0x0C7,202,0x0CA,264,0x108,177,0x0B1
PET_NAMECHANGE,CPet::OnNameChanged,73,0x049,,0x000,,0x000,,0x000,,0x000,172,0x0AC,185,0x0B9,200,0x0C8,203,0x0CB,265,0x109,178,0x0B2
PET_EXCEPTION_LIST,CPet::OnLoadExceptionList,,0x000,,0x000,,0x000,,0x000,,0x000,173,0x0AD,186,0x0BA,201,0x0C9,204,0x0CC,266,0x10A,179,0x0B3
PET_COMMAND,CPet::OnActionCommand,74,0x04A,,0x000,,0x000,,0x000,,0x000,174,0x0AE,187,0x0BB,202,0x0CA,205,0x0CD,267,0x10B,180,0x0B4
SPAWN_SPECIAL_MAPOBJECT,CSummonedPool::OnPacket,77,0x04D,,0x000,,0x000,,0x000,,0x000,175,0x0AF,188,0x0BC,203,0x0CB,278,0x116,387,0x183,181,0x0B5
REMOVE_SPECIAL_MAPOBJECT,CSummonedPool::OnPacket,78,0x04E,,0x000,,0x000,,0x000,,0x000,176,0x0B0,189,0x0BD,204,0x0CC,279,0x117,388,0x184,182,0x0B6
MOVE_SUMMON,CSummonedPool::OnMove,79,0x04F,,0x000,,0x000,,0x000,,0x000,177,0x0B1,190,0x0BE,205,0x0CD,280,0x118,389,0x185,183,0x0B7
SUMMON_ATTACK,CSummonedPool::OnAttack,80,0x050,,0x000,,0x000,,0x000,,0x000,178,0x0B2,191,0x0BF,206,0x0CE,281,0x119,390,0x186,184,0x0B8
DAMAGE_SUMMON,CSummonedPool::OnHit,81,0x051,,0x000,,0x000,,0x000,,0x000,179,0x0B3,192,0x0C0,207,0x0CF,283,0x11B,396,0x18C,185,0x0B9
SUMMON_SKILL,CSummonedPool::OnSkill,,0x000,,0x000,,0x000,,0x000,,0x000,180,0x0B4,193,0x0C1,208,0x0D0,282,0x11A,393,0x189,186,0x0BA
SPAWN_DRAGON,CDragon::OnCreated,,0x000,,0x000,,0x000,,0x000,,0x000,181,0x0B5,194,0x0C2,209,0x0D1,206,0x0CE,268,0x10C,187,0x0BB
MOVE_DRAGON,CDragon::OnMove,,0x000,,0x000,,0x000,,0x000,,0x000,182,0x0B6,195,0x0C3,210,0x0D2,207,0x0CF,269,0x10D,188,0x0BC
REMOVE_DRAGON,CUser::OnDragonPacket,,0x000,,0x000,,0x000,,0x000,,0x000,183,0x0B7,196,0x0C4,211,0x0D3,208,0x0D0,270,0x10E,189,0x0BD
,,,0x000,,0x000,,0x000,,0x000,,0x000,,0x000,,0x000,,0x000,,0x000,271,0x10F,,0x000
,,,0x000,,0x000,,0x000,,0x000,,0x000,,0x000,,0x000,,0x000,,0x000,272,0x110,,0x000
,,,0x000,,0x000,,0x000,,0x000,,0x000,,0x000,,0x000,,0x000,,0x000,273,0x111,,0x000
,,,0x000,,0x000,,0x000,,0x000,,0x000,,0x000,,0x000,,0x000,,0x000,274,0x112,,0x000
,,,0x000,,0x000,,0x000,,0x000,,0x000,,0x000,,0x000,,0x000,,0x000,275,0x113,,0x000
,,,0x000,,0x000,,0x000,,0x000,,0x000,,0x000,,0x000,,0x000,,0x000,276,0x114,,0x000
,,,0x000,,0x000,,0x000,,0x000,,0x000,,0x000,,0x000,,0x000,,0x000,277,0x115,,0x000
,,,0x000,,0x000,,0x000,,0x000,,0x000,,0x000,,0x000,,0x000,,0x000,278,0x116,,0x000
,,,0x000,,0x000,,0x000,,0x000,,0x000,,0x000,,0x000,,0x000,,0x000,279,0x117,,0x000
,,,0x000,,0x000,,0x000,,0x000,,0x000,,0x000,,0x000,,0x000,,0x000,280,0x118,,0x000
,,,0x000,,0x000,,0x000,,0x000,,0x000,,0x000,,0x000,,0x000,,0x000,281,0x119,,0x000
,,,0x000,,0x000,,0x000,,0x000,,0x000,,0x000,,0x000,,0x000,,0x000,282,0x11A,,0x000
,,,0x000,,0x000,,0x000,,0x000,,0x000,184,0x0B8,197,0x0C5,212,0x0D4,209,0x0D1,283,0x11B,190,0x0BE
MOVE_PLAYER,CUserRemote::OnMove,85,0x055,,0x000,,0x000,,0x000,,0x000,185,0x0B9,198,0x0C6,213,0x0D5,210,0x0D2,284,0x11C,191,0x0BF
,,,0x000,,0x000,,0x000,,0x000,,0x000,,0x000,,0x000,,0x000,,0x000,285,0x11D,,0x000
CLOSE_RANGE_ATTACK,CUserRemote::OnAttack,86,0x056,,0x000,,0x000,,0x000,,0x000,186,0x0BA,199,0x0C7,214,0x0D6,211,0x0D3,286,0x11E,192,0x0C0
RANGED_ATTACK,CUserRemote::OnAttack,87,0x057,,0x000,,0x000,,0x000,,0x000,187,0x0BB,200,0x0C8,215,0x0D7,212,0x0D4,287,0x11F,193,0x0C1
MAGIC_ATTACK,CUserRemote::OnAttack,88,0x058,,0x000,,0x000,,0x000,,0x000,188,0x0BC,201,0x0C9,216,0x0D8,213,0x0D5,288,0x120,194,0x0C2
ENERGY_ATTACK,CUserRemote::OnAttack,,0x000,,0x000,,0x000,,0x000,,0x000,189,0x0BD,202,0x0CA,217,0x0D9,214,0x0D6,289,0x121,195,0x0C3
SKILL_EFFECT,CUserRemote::OnSkillPrepare,89,0x059,,0x000,,0x000,,0x000,,0x000,190,0x0BE,203,0x0CB,218,0x0DA,215,0x0D7,290,0x122,196,0x0C4
MOVING_SHOOT_ATTACK_PREPARE,CUserRemote::OnMovingShootAttackPrepare,,0x000,,0x000,,0x000,,0x000,,0x000,,0x000,,0x000,,0x000,216,0x0D8,291,0x123,,0x000
CANCEL_SKILL_EFFECT,CUserRemote::OnSkillCancel,,0x000,,0x000,,0x000,,0x000,,0x000,191,0x0BF,204,0x0CC,219,0x0DB,217,0x0D9,292,0x124,197,0x0C5
DAMAGE_PLAYER,CUserRemote::OnHit,91,0x05B,,0x000,,0x000,,0x000,,0x000,192,0x0C0,205,0x0CD,220,0x0DC,218,0x0DA,293,0x125,198,0x0C6
FACIAL_EXPRESSION,CUser::OnEmotion,92,0x05C,,0x000,,0x000,,0x000,,0x000,193,0x0C1,206,0x0CE,221,0x0DD,219,0x0DB,294,0x126,199,0x0C7
,,,0x000,,0x000,,0x000,,0x000,,0x000,,0x000,,0x000,,0x000,,0x000,295,0x127,,0x000
SHOW_ITEM_EFFECT,CUserRemote::OnSetActiveEffectItem,,0x000,,0x000,,0x000,,0x000,,0x000,194,0x0C2,207,0x0CF,222,0x0DE,220,0x0DC,296,0x128,200,0x0C8
,,,0x000,,0x000,,0x000,,0x000,,0x000,,0x000,,0x000,,0x000,,0x000,297,0x129,,0x000
,,,0x000,,0x000,,0x000,,0x000,,0x000,,0x000,,0x000,,0x000,,0x000,298,0x12A,,0x000
,,,0x000,,0x000,,0x000,,0x000,,0x000,,0x000,,0x000,,0x000,,0x000,299,0x12B,,0x000
SHOW_UPGRADE_TOMB_EFFECT,CUserRemote::OnShowUpgradeTombEffect,,0x000,,0x000,,0x000,,0x000,,0x000,195,0x0C3,208,0x0D0,223,0x0DF,221,0x0DD,300,0x12C,201,0x0C9
SHOW_CHAIR,CUserRemote::OnSetActivePortableChair,100,0x064,,0x000,,0x000,,0x000,,0x000,196,0x0C4,209,0x0D1,224,0x0E0,222,0x0DE,301,0x12D,202,0x0CA
UPDATE_CHAR_LOOK,CUserRemote::OnAvatarModified,93,0x05D,,0x000,,0x000,,0x000,,0x000,197,0x0C5,210,0x0D2,225,0x0E1,223,0x0DF,302,0x12E,203,0x0CB
SHOW_FOREIGN_EFFECT,CUser::OnEffect,94,0x05E,,0x000,,0x000,,0x000,,0x000,198,0x0C6,211,0x0D3,226,0x0E2,224,0x0E0,303,0x12F,204,0x0CC
GIVE_FOREIGN_BUFF,CUserRemote::OnSetTemporaryStat,95,0x05F,,0x000,,0x000,,0x000,,0x000,199,0x0C7,212,0x0D4,227,0x0E3,225,0x0E1,304,0x130,205,0x0CD
CANCEL_FOREIGN_BUFF,CUserRemote::OnResetTemporaryStat,96,0x060,,0x000,,0x000,,0x000,,0x000,200,0x0C8,213,0x0D5,228,0x0E4,226,0x0E2,305,0x131,206,0x0CE
UPDATE_PARTYMEMBER_HP,CUserRemote::OnReceiveHP,97,0x061,,0x000,,0x000,,0x000,,0x000,201,0x0C9,214,0x0D6,229,0x0E5,227,0x0E3,306,0x132,207,0x0CF
GUILD_NAME_CHANGED,CUserRemote::OnGuildNameChanged,,0x000,,0x000,,0x000,,0x000,,0x000,202,0x0CA,215,0x0D7,230,0x0E6,228,0x0E4,307,0x133,208,0x0D0
GUILD_MARK_CHANGED,CUserRemote::OnGuildMarkChanged,,0x000,,0x000,,0x000,,0x000,,0x000,203,0x0CB,216,0x0D8,231,0x0E7,229,0x0E5,308,0x134,209,0x0D1
,,,0x000,,0x000,,0x000,,0x000,,0x000,,0x000,,0x000,,0x000,,0x000,309,0x135,,0x000
,,,0x000,,0x000,,0x000,,0x000,,0x000,,0x000,,0x000,,0x000,,0x000,310,0x136,,0x000
,,,0x000,,0x000,,0x000,,0x000,,0x000,,0x000,,0x000,,0x000,,0x000,311,0x137,,0x000
,,,0x000,,0x000,,0x000,,0x000,,0x000,,0x000,,0x000,,0x000,,0x000,312,0x138,,0x000
,,,0x000,,0x000,,0x000,,0x000,,0x000,,0x000,,0x000,,0x000,,0x000,313,0x139,,0x000
THROW_GRENADE,CUserRemote::OnThrowGrenade,,0x000,,0x000,,0x000,,0x000,,0x000,204,0x0CC,217,0x0D9,232,0x0E8,230,0x0E6,314,0x13A,210,0x0D2
CANCEL_CHAIR,CUserLocal::OnSitResult,,0x000,,0x000,,0x000,,0x000,,0x000,205,0x0CD,218,0x0DA,233,0x0E9,231,0x0E7,315,0x13B,211,0x0D3
,CUser::OnEmotion,,0x000,,0x000,,0x000,,0x000,,0x000,,0x000,,0x000,234,0x0EA,232,0x0E8,316,0x13C,,0x000
,,,0x000,,0x000,,0x000,,0x000,,0x000,,0x000,,0x000,,0x000,,0x000,317,0x13D,,0x000
SHOW_ITEM_GAIN_INCHAT,CUser::OnEffect,101,0x065,,0x000,,0x000,,0x000,,0x000,206,0x0CE,219,0x0DB,235,0x0EB,233,0x0E9,318,0x13E,213,0x0D5
DOJO_WARP_UP,CUserLocal::OnTeleport,,0x000,,0x000,,0x000,,0x000,,0x000,207,0x0CF,220,0x0DC,236,0x0EC,234,0x0EA,319,0x13F,214,0x0D6
,,,0x000,,0x000,,0x000,,0x000,,0x000,,0x000,,0x000,237,0x0ED,235,0x0EB,320,0x140,,0x000
LUCKSACK_PASS,CUserLocal::OnMesoGive_Succeeded,104,0x068,,0x000,,0x000,,0x000,,0x000,208,0x0D0,222,0x0DE,238,0x0EE,236,0x0EC,321,0x141,216,0x0D8
LUCKSACK_FAIL,CUserLocal::OnMesoGive_Failed,105,0x069,,0x000,,0x000,,0x000,,0x000,209,0x0D1,223,0x0DF,239,0x0EF,237,0x0ED,322,0x142,217,0x0D9
MESO_BAG_MESSAGE,CUserLocal::OnRandomMesobag_Succeeded,,0x000,,0x000,,0x000,,0x000,,0x000,210,0x0D2,221,0x0DD,240,0x0F0,238,0x0EE,323,0x143,,0x000
,CUserLocal::OnRandomMesobag_Failed,,0x000,,0x000,,0x000,,0x000,,0x000,,0x000,,0x000,241,0x0F1,239,0x0EF,324,0x144,,0x000
,CUserLocal::OnFieldFadeInOut,,0x000,,0x000,,0x000,,0x000,,0x000,,0x000,,0x000,242,0x0F2,240,0x0F0,325,0x145,,0x000
,CUserLocal::OnFieldFadeOutForce,,0x000,,0x000,,0x000,,0x000,,0x000,,0x000,,0x000,243,0x0F3,241,0x0F1,326,0x146,,0x000
UPDATE_QUEST_INFO,CUserLocal::OnQuestResult,,0x000,,0x000,,0x000,,0x000,,0x000,211,0x0D3,224,0x0E0,244,0x0F4,242,0x0F2,327,0x147,220,0x0DC
,CUserLocal::OnNotifyHPDecByField,,0x000,,0x000,,0x000,,0x000,,0x000,212,0x0D4,225,0x0E1,245,0x0F5,243,0x0F3,328,0x148,221,0x0DD
,,,0x000,,0x000,,0x000,,0x000,,0x000,213,0x0D5,226,0x0E2,246,0x0F6,244,0x0F4,329,0x149,222,0x0DE
PLAYER_HINT,CUserLocal::OnBalloonMsg,,0x000,,0x000,,0x000,,0x000,,0x000,214,0x0D6,227,0x0E3,247,0x0F7,245,0x0F5,330,0x14A,223,0x0DF
PLAY_EVENT_SOUND,CUserLocal::OnPlayEventSound,,0x000,,0x000,,0x000,,0x000,,0x000,215,0x0D7,228,0x0E4,248,0x0F8,246,0x0F6,331,0x14B,224,0x0E0
PLAY_MINI_GAME_SOUND,CUserLocal::OnPlayMinigameSound,,0x000,,0x000,,0x000,,0x000,,0x000,216,0x0D8,229,0x0E5,249,0x0F9,247,0x0F7,332,0x14C,225,0x0E1
MAKER_RESULT,CUserLocal::OnMakerResult,,0x000,,0x000,,0x000,,0x000,,0x000,217,0x0D9,230,0x0E6,250,0x0FA,248,0x0F8,333,0x14D,226,0x0E2
,,,0x000,,0x000,,0x000,,0x000,,0x000,218,0x0DA,231,0x0E7,251,0x0FB,249,0x0F9,334,0x14E,,0x000
KOREAN_EVENT,CUserLocal::OnOpenClassCompetitionPage,,0x000,,0x000,,0x000,,0x000,,0x000,219,0x0DB,232,0x0E8,252,0x0FC,250,0x0FA,335,0x14F,227,0x0E3
OPEN_UI,CUserLocal::OnOpenUI,,0x000,,0x000,,0x000,,0x000,,0x000,220,0x0DC,233,0x0E9,253,0x0FD,251,0x0FB,336,0x150,229,0x0E5
,,,0x000,,0x000,,0x000,,0x000,,0x000,,0x000,,0x000,,0x000,,0x000,337,0x151,,0x000
OPEN_UI_WITH_OPTION,CUserLocal::OnOpenUIWithOption,,0x000,,0x000,,0x000,,0x000,,0x000,,0x000,234,0x0EA,254,0x0FE,252,0x0FC,338,0x152,,0x000
LOCK_UI,CUserLocal::SetDirectionMode,,0x000,,0x000,,0x000,,0x000,,0x000,221,0x0DD,235,0x0EB,255,0x0FF,253,0x0FD,,0x000,231,0x0E7
DISABLE_UI,CUserLocal::OnSetStandAloneMode,,0x000,,0x000,,0x000,,0x000,,0x000,222,0x0DE,236,0x0EC,256,0x100,254,0x0FE,,0x000,232,0x0E8
SPAWN_GUIDE,CUserLocal::OnHireTutor,,0x000,,0x000,,0x000,,0x000,,0x000,223,0x0DF,237,0x0ED,257,0x101,255,0x0FF,342,0x156,233,0x0E9
TALK_GUIDE,CUserLocal::OnTutorMsg,,0x000,,0x000,,0x000,,0x000,,0x000,224,0x0E0,238,0x0EE,258,0x102,256,0x100,343,0x157,234,0x0EA
SHOW_COMBO,CUserLocal::OnIncComboResponse,,0x000,,0x000,,0x000,,0x000,,0x000,225,0x0E1,239,0x0EF,259,0x103,257,0x101,344,0x158,235,0x0EB
,,,0x000,,0x000,,0x000,,0x000,,0x000,,0x000,,0x000,,0x000,,0x000,345,0x159,,0x000
RANDOM_EMOTION,CUser::OnRandomEmotion,,0x000,,0x000,,0x000,,0x000,,0x000,226,0x0E2,240,0x0F0,260,0x104,258,0x102,346,0x15A,,0x000
RESIGN_QUEST_RETURN,CUserLocal::OnResignQuestReturn,,0x000,,0x000,,0x000,,0x000,,0x000,227,0x0E3,241,0x0F1,261,0x105,259,0x103,347,0x15B,,0x000
PASS_MATE_NAME,CUserLocal::OnPassMateName,,0x000,,0x000,,0x000,,0x000,,0x000,228,0x0E4,242,0x0F2,262,0x106,260,0x104,348,0x15C,,0x000
RADIO_SCHEDULE,CUserLocal::OnRadioSchedule,,0x000,,0x000,,0x000,,0x000,,0x000,229,0x0E5,243,0x0F3,263,0x107,261,0x105,349,0x15D,,0x000
OPEN_SKILL_GUIDE,CUserLocal::OnOpenSkillGuide,,0x000,,0x000,,0x000,,0x000,,0x000,230,0x0E6,244,0x0F4,264,0x108,262,0x106,350,0x15E,,0x000
NOTICE_MSG,CUserLocal::OnNoticeMsg,,0x000,,0x000,,0x000,,0x000,,0x000,231,0x0E7,245,0x0F5,265,0x109,263,0x107,351,0x15F,,0x000
CHAT_MSG,CUserLocal::OnChatMsg,,0x000,,0x000,,0x000,,0x000,,0x000,232,0x0E8,246,0x0F6,266,0x10A,264,0x108,352,0x160,,0x000
,,,0x000,,0x000,,0x000,,0x000,,0x000,,0x000,,0x000,,0x000,,0x000,353,0x161,,0x000
BUFFZONE_EFFECT/SAY_IMAGE,CUserLocal::OnBuffzoneEffect,,0x000,,0x000,,0x000,,0x000,,0x000,233,0x0E9,247,0x0F7,267,0x10B,265,0x109,354,0x162,,0x000
,CUserLocal::OnGoToCommoditySN,,0x000,,0x000,,0x000,,0x000,,0x000,,0x000,248,0x0F8,268,0x10C,266,0x10A,355,0x163,,0x000
,CUserLocal::OnDamageMeter,,0x000,,0x000,,0x000,,0x000,,0x000,,0x000,249,0x0F9,269,0x10D,267,0x10B,356,0x164,,0x000
,CUserLocal::OnTimeBombAttack,,0x000,,0x000,,0x000,,0x000,,0x000,,0x000,,0x000,270,0x10E,268,0x10C,357,0x165,,0x000
,CUser::OnPassiveMove,,0x000,,0x000,,0x000,,0x000,,0x000,,0x000,,0x000,271,0x10F,269,0x10D,358,0x166,,0x000
FOLLOW_CHARACTER_FAILED,CUserLocal::OnFollowCharacterFailed,,0x000,,0x000,,0x000,,0x000,,0x000,,0x000,,0x000,272,0x110,270,0x10E,359,0x167,,0x000
,CUserLocal::OnVengeanceSkillApply,,0x000,,0x000,,0x000,,0x000,,0x000,,0x000,,0x000,273,0x111,271,0x10F,,0x000,,0x000
,CUserLocal::OnExJablinApply,,0x000,,0x000,,0x000,,0x000,,0x000,,0x000,,0x000,,0x000,272,0x110,360,0x168,,0x000
,CUserLocal::OnAskAPSPEvent,,0x000,,0x000,,0x000,,0x000,,0x000,,0x000,,0x000,,0x000,273,0x111,361,0x169,,0x000
,CUserLocal::OnQuestGuideResult,,0x000,,0x000,,0x000,,0x000,,0x000,,0x000,,0x000,,0x000,274,0x112,362,0x16A,,0x000
,CUserLocal::OnDeliveryQuest,,0x000,,0x000,,0x000,,0x000,,0x000,,0x000,,0x000,,0x000,275,0x113,363,0x16B,,0x000
COOLDOWN,CUserLocal::OnSkillCooltimeSet,,0x000,,0x000,,0x000,,0x000,,0x000,234,0x0EA,250,0x0FA,274,0x112,276,0x114,385,0x181,251,0x0FB
,,,0x000,,0x000,,0x000,,0x000,,0x000,235,0x0EB,251,0x0FB,275,0x113,277,0x115,386,0x182,252,0x0FC
SPAWN_MONSTER,CMobPool::OnMobEnterField,109,0x06D,,0x000,,0x000,,0x000,,0x000,236,0x0EC,252,0x0FC,276,0x114,284,0x11C,397,0x18D,253,0x0FD
KILL_MONSTER,CMobPool::OnMobLeaveField,110,0x06E,,0x000,,0x000,,0x000,,0x000,237,0x0ED,253,0x0FD,277,0x115,285,0x11D,398,0x18E,254,0x0FE
SPAWN_MONSTER_CONTROL,CMobPool::OnMobChangeController,111,0x06F,,0x000,,0x000,,0x000,,0x000,238,0x0EE,254,0x0FE,278,0x116,286,0x11E,399,0x18F,255,0x0FF
MOVE_MONSTER,CMob::OnMove,113,0x071,,0x000,,0x000,,0x000,,0x000,239,0x0EF,255,0x0FF,279,0x117,287,0x11F,400,0x190,256,0x100
MOVE_MONSTER_RESPONSE,CMob::OnCtrlAck,114,0x072,,0x000,,0x000,,0x000,,0x000,240,0x0F0,256,0x100,280,0x118,288,0x120,401,0x191,257,0x101
,,,0x000,,0x000,,0x000,,0x000,,0x000,241,0x0F1,257,0x101,281,0x119,289,0x121,402,0x192,258,0x102
APPLY_MONSTER_STATUS,CMob::OnStatSet,116,0x074,,0x000,,0x000,,0x000,,0x000,242,0x0F2,258,0x102,282,0x11A,290,0x122,403,0x193,259,0x103
CANCEL_MONSTER_STATUS,CMob::OnStatReset,117,0x075,,0x000,,0x000,,0x000,,0x000,243,0x0F3,259,0x103,283,0x11B,291,0x123,404,0x194,260,0x104
RESET_MONSTER_ANIMATION,CMob::OnSuspendReset,118,0x076,,0x000,,0x000,,0x000,,0x000,244,0x0F4,260,0x104,284,0x11C,292,0x124,405,0x195,261,0x105
MOB_AFFECTED,CMob::OnAffected,119,0x077,,0x000,,0x000,,0x000,,0x000,245,0x0F5,261,0x105,285,0x11D,293,0x125,406,0x196,262,0x106
DAMAGE_MONSTER,CMob::OnDamaged,120,0x078,,0x000,,0x000,,0x000,,0x000,246,0x0F6,262,0x106,286,0x11E,294,0x126,407,0x197,263,0x107
MONSTER_SPECIAL_EFFECT_BY_SKILL,CMob::OnSpecialEffectBySkill,121,0x079,,0x000,,0x000,,0x000,,0x000,247,0x0F7,263,0x107,287,0x11F,295,0x127,408,0x198,264,0x108
,,,0x000,,0x000,,0x000,,0x000,,0x000,248,0x0F8,264,0x108,288,0x120,296,0x128,409,0x199,265,0x109
MOB_CRC_KEY_CHANGED,CMobPool::OnMobCrcKeyChanged,,0x000,,0x000,,0x000,,0x000,,0x000,249,0x0F9,265,0x109,289,0x121,297,0x129,410,0x19A,266,0x10A
SHOW_MONSTER_HP,CMob::OnHPIndicator,,0x000,,0x000,,0x000,,0x000,,0x000,250,0x0FA,266,0x10A,290,0x122,298,0x12A,411,0x19B,267,0x10B
CATCH_MONSTER,CMob::OnCatchEffect,,0x000,,0x000,,0x000,,0x000,,0x000,251,0x0FB,267,0x10B,291,0x123,299,0x12B,412,0x19C,268,0x10C
,,,0x000,,0x000,,0x000,,0x000,,0x000,,0x000,,0x000,,0x000,,0x000,413,0x19D,,0x000
CATCH_MONSTER_WITH_ITEM,CMob::OnEffectByItem,,0x000,,0x000,,0x000,,0x000,,0x000,252,0x0FC,268,0x10C,,0x000,300,0x12C,414,0x19E,269,0x10D
SHOW_MAGNET,,,0x000,,0x000,,0x000,,0x000,,0x000,253,0x0FD,269,0x10D,292,0x124,,0x000,,0x000,270,0x10E
MOB_SPEAKING,CMob::OnMobSpeaking,,0x000,,0x000,,0x000,,0x000,,0x000,254,0x0FE,270,0x10E,293,0x125,301,0x12D,415,0x19F,,0x000
INC_MOB_CHARGE_COUNT,CMob::OnIncMobChargeCount,,0x000,,0x000,,0x000,,0x000,,0x000,255,0x0FF,271,0x10F,294,0x126,302,0x12E,416,0x1A0,,0x000
MOB_SKILL_DELAY,CMob::OnMobSkillDelay,,0x000,,0x000,,0x000,,0x000,,0x000,256,0x100,272,0x110,295,0x127,303,0x12F,417,0x1A1,,0x000
MOB_ESCORT_FULL_PATH,CMob::OnEscortFullPath,,0x000,,0x000,,0x000,,0x000,,0x000,,0x000,273,0x111,296,0x128,304,0x130,418,0x1A2,,0x000
MOB_ESCORT_STOP,CMob::OnEscortStopEndPermmision,,0x000,,0x000,,0x000,,0x000,,0x000,,0x000,,0x000,297,0x129,305,0x131,419,0x1A3,,0x000
MOB_ESCORT_STOP_SAY,CMob::OnEscortStopSay,,0x000,,0x000,,0x000,,0x000,,0x000,,0x000,,0x000,298,0x12A,306,0x132,420,0x1A4,,0x000
MOB_ESCORT_RETURN_BEFORE,CMob::OnEscortReturnBefore,,0x000,,0x000,,0x000,,0x000,,0x000,,0x000,,0x000,299,0x12B,307,0x133,421,0x1A5,,0x000
MOB_NEXT_ATTACK,CMob::OnNextAttack,,0x000,,0x000,,0x000,,0x000,,0x000,,0x000,,0x000,300,0x12C,308,0x134,422,0x1A6,,0x000
,,,0x000,,0x000,,0x000,,0x000,,0x000,,0x000,,0x000,,0x000,,0x000,423,0x1A7,,0x000
,,,0x000,,0x000,,0x000,,0x000,,0x000,,0x000,,0x000,,0x000,,0x000,424,0x1A8,,0x000
,,,0x000,,0x000,,0x000,,0x000,,0x000,,0x000,,0x000,,0x000,,0x000,425,0x1A9,,0x000
MOB_ATTACKED_BY_MOB,CMob::OnMobAttackedByMob,,0x000,,0x000,,0x000,,0x000,,0x000,,0x000,,0x000,301,0x12D,309,0x135,426,0x1AA,,0x000
,,,0x000,,0x000,,0x000,,0x000,,0x000,,0x000,,0x000,302,0x12E,310,0x136,427,0x1AB,,0x000
SPAWN_NPC,CNpcPool::OnNpcEnterField,126,0x07E,,0x000,,0x000,,0x000,,0x000,257,0x101,274,0x112,303,0x12F,311,0x137,428,0x1AC,278,0x116
REMOVE_NPC,CNpcPool::OnNpcLeaveField,127,0x07F,,0x000,,0x000,,0x000,,0x000,258,0x102,275,0x113,304,0x130,312,0x138,429,0x1AD,279,0x117
,,,0x000,,0x000,,0x000,,0x000,,0x000,,0x000,,0x000,,0x000,,0x000,430,0x1AE,,0x000
SPAWN_NPC_REQUEST_CONTROLLER,CNpcPool::OnNpcChangeController,128,0x080,,0x000,,0x000,,0x000,,0x000,259,0x103,276,0x114,305,0x131,313,0x139,431,0x1AF,280,0x118
NPC_ACTION,CNpc::OnMove,130,0x082,,0x000,,0x000,,0x000,,0x000,260,0x104,277,0x115,306,0x132,314,0x13A,432,0x1B0,281,0x119
UPDATE_LIMITED_INFO,CNpc::OnUpdateLimitedInfo,,0x000,,0x000,,0x000,,0x000,,0x000,261,0x105,278,0x116,307,0x133,315,0x13B,,0x000,,0x000
NPC_SPECIAL_ACTION,CNpc::OnSetSpecialAction,129,0x081,,0x000,,0x000,,0x000,,0x000,262,0x106,279,0x117,308,0x134,316,0x13C,,0x000,,0x000
,,,0x000,,0x000,,0x000,,0x000,,0x000,,0x000,,0x000,,0x000,,0x000,,0x000,,0x000
,,,0x000,,0x000,,0x000,,0x000,,0x000,,0x000,,0x000,,0x000,,0x000,,0x000,,0x000
,,,0x000,,0x000,,0x000,,0x000,,0x000,,0x000,,0x000,,0x000,,0x000,,0x000,,0x000
SET_NPC_SCRIPTABLE,CNpcTemplate::OnSetNpcScript,,0x000,,0x000,,0x000,,0x000,,0x000,263,0x107,280,0x118,309,0x135,317,0x13D,438,0x1B6,284,0x11C
,,,0x000,,0x000,,0x000,,0x000,,0x000,264,0x108,281,0x119,310,0x136,318,0x13E,439,0x1B7,,0x000
SPAWN_HIRED_MERCHANT,CEmployeePool::OnEmployeeEnterField,,0x000,,0x000,,0x000,,0x000,,0x000,265,0x109,282,0x11A,311,0x137,319,0x13F,440,0x1B8,286,0x11E
DESTROY_HIRED_MERCHANT,CEmployeePool::OnEmployeeLeaveField,,0x000,,0x000,,0x000,,0x000,,0x000,266,0x10A,283,0x11B,312,0x138,320,0x140,441,0x1B9,287,0x11F
UPDATE_HIRED_MERCHANT,CEmployeePool::OnEmployeeMiniRoomBalloon,,0x000,,0x000,,0x000,,0x000,,0x000,267,0x10B,284,0x11C,313,0x139,321,0x141,442,0x1BA,288,0x120
DROP_ITEM_FROM_MAPOBJECT,CDropPool::OnDropEnterField,134,0x086,,0x000,,0x000,,0x000,,0x000,268,0x10C,285,0x11D,314,0x13A,322,0x142,443,0x1BB,289,0x121
,,,0x000,,0x000,,0x000,,0x000,,0x000,,,,0x000,315,0x13B,323,0x143,444,0x1BC,,0x000
REMOVE_ITEM_FROM_MAP,CDropPool::OnDropLeaveField,135,0x087,,0x000,,0x000,,0x000,,0x000,269,0x10D,286,0x11E,316,0x13C,324,0x144,445,0x1BD,290,0x122
CANNOT_SPAWN_KITE,CMessageBoxPool::OnCreateFailed,138,0x08A,,0x000,,0x000,,0x000,,0x000,270,0x10E,287,0x11F,317,0x13D,325,0x145,446,0x1BE,291,0x123
SPAWN_KITE,CMessageBoxPool::OnMessageBoxEnterField,139,0x08B,,0x000,,0x000,,0x000,,0x000,271,0x10F,288,0x120,318,0x13E,326,0x146,447,0x1BF,292,0x124
REMOVE_KITE,CMessageBoxPool::OnMessageBoxLeaveField,140,0x08C,,0x000,,0x000,,0x000,,0x000,272,0x110,289,0x121,319,0x13F,327,0x147,448,0x1C0,293,0x125
SPAWN_MIST,CAffectedAreaPool::OnAffectedAreaCreated,143,0x08F,,0x000,,0x000,,0x000,,0x000,273,0x111,290,0x122,320,0x140,328,0x148,449,0x1C1,294,0x126
REMOVE_MIST,CAffectedAreaPool::OnAffectedAreaRemoved,144,0x090,,0x000,,0x000,,0x000,,0x000,274,0x112,291,0x123,321,0x141,329,0x149,450,0x1C2,295,0x127
SPAWN_DOOR,CTownPortalPool::OnTownPortalCreated,147,0x093,,0x000,,0x000,,0x000,,0x000,275,0x113,292,0x124,322,0x142,330,0x14A,451,0x1C3,296,0x128
REMOVE_DOOR,CTownPortalPool::OnTownPortalRemoved,148,0x094,,0x000,,0x000,,0x000,,0x000,276,0x114,293,0x125,323,0x143,331,0x14B,452,0x1C4,297,0x129
OPEN_GATE_CREATED,COpenGatePool::OnOpenGateCreated,,0x000,,0x000,,0x000,,0x000,,0x000,,0x000,,0x000,324,0x144,332,0x14C,453,0x1C5,,0x000
OPEN_GATE_REMOVED,COpenGatePool::OnOpenGateRemoved,,0x000,,0x000,,0x000,,0x000,,0x000,,0x000,,0x000,325,0x145,333,0x14D,454,0x1C6,,0x000
REACTOR_HIT,CReactorPool::OnReactorChangeState,151,0x097,,0x000,,0x000,,0x000,,0x000,277,0x115,294,0x126,326,0x146,334,0x14E,455,0x1C7,301,0x12D
REACTOR_MOVE,CReactorPool::OnReactorMove,,0x000,,0x000,,0x000,,0x000,,0x000,278,0x116,295,0x127,327,0x147,335,0x14F,456,0x1C8,302,0x12E
REACTOR_SPAWN,CReactorPool::OnReactorEnterField,153,0x099,,0x000,,0x000,,0x000,,0x000,279,0x117,296,0x128,328,0x148,336,0x150,457,0x1C9,303,0x12F
,,,0x000,,0x000,,0x000,,0x000,,0x000,,0x000,,0x000,,0x000,,0x000,458,0x1CA,,0x000
REACTOR_DESTROY,CReactorPool::OnReactorLeaveField,154,0x09A,,0x000,,0x000,,0x000,,0x000,280,0x118,297,0x129,329,0x149,337,0x151,459,0x1CB,304,0x130
,,,0x000,,0x000,,0x000,,0x000,,0x000,,0x000,,0x000,,0x000,,0x000,460,0x1CC,,0x000
,,,0x000,,0x000,,0x000,,0x000,,0x000,,0x000,,0x000,,0x000,,0x000,461,0x1CD,,0x000
SNOWBALL_STATE,CField_SnowBall::OnSnowBallState,157,0x09D,,0x000,,0x000,,0x000,,0x000,281,0x119,298,0x12A,330,0x14A,338,0x152,462,0x1CE,305,0x131
HIT_SNOWBALL,CField_SnowBall::OnSnowBallHit,158,0x09E,,0x000,,0x000,,0x000,,0x000,282,0x11A,299,0x12B,331,0x14B,339,0x153,463,0x1CF,306,0x132
SNOWBALL_MESSAGE,CField_SnowBall::OnSnowBallMsg,,0x000,,0x000,,0x000,,0x000,,0x000,283,0x11B,300,0x12C,332,0x14C,340,0x154,464,0x1D0,307,0x133
LEFT_KNOCK_BACK,CField_SnowBall::OnSnowBallTouch,,0x000,,0x000,,0x000,,0x000,,0x000,284,0x11C,301,0x12D,333,0x14D,341,0x155,465,0x1D1,308,0x134
COCONUT_HIT,CField_Coconut::OnCoconutHit,159,0x09F,,0x000,,0x000,,0x000,,0x000,285,0x11D,302,0x12E,334,0x14E,342,0x156,466,0x1D2,309,0x135
COCONUT_SCORE,CField_Coconut::OnCoconutScore,160,0x0A0,,0x000,,0x000,,0x000,,0x000,286,0x11E,303,0x12F,335,0x14F,343,0x157,467,0x1D3,310,0x136
GUILD_BOSS_HEALER_MOVE,CField_GuildBoss::OnHealerMove,,0x000,,0x000,,0x000,,0x000,,0x000,287,0x11F,304,0x130,336,0x150,344,0x158,468,0x1D4,311,0x137
GUILD_BOSS_PULLEY_STATE_CHANGE,CField_GuildBoss::OnPulleyStateChange,,0x000,,0x000,,0x000,,0x000,,0x000,288,0x120,305,0x131,337,0x151,345,0x159,469,0x1D5,312,0x138
,,,0x000,,0x000,,0x000,,0x000,,0x000,,0x000,,0x000,,0x000,,0x000,470,0x1D6,,0x000
MONSTER_CARNIVAL_START,CField_MonsterCarnival::OnEnter,,0x000,,0x000,,0x000,,0x000,,0x000,289,0x121,306,0x132,338,0x152,346,0x15A,,0x000,313,0x139
MONSTER_CARNIVAL_OBTAINED_CP,CField_MonsterCarnival::OnPersonalCP,,0x000,,0x000,,0x000,,0x000,,0x000,290,0x122,307,0x133,339,0x153,347,0x15B,471,0x1D7,314,0x13A
MONSTER_CARNIVAL_PARTY_CP,CField_MonsterCarnival::OnTeamCP,,0x000,,0x000,,0x000,,0x000,,0x000,291,0x123,308,0x134,340,0x154,348,0x15C,472,0x1D8,315,0x13B
,,,0x000,,0x000,,0x000,,0x000,,0x000,,0x000,,0x000,,0x000,,0x000,473,0x1D9,,0x000
MONSTER_CARNIVAL_SUMMON,CField_MonsterCarnival::OnRequestResult,,0x000,,0x000,,0x000,,0x000,,0x000,292,0x124,309,0x135,341,0x155,349,0x15D,474,0x1DA,316,0x13C
MONSTER_CARNIVAL_MESSAGE,CField_MonsterCarnival::OnRequestResult,,0x000,,0x000,,0x000,,0x000,,0x000,293,0x125,310,0x136,342,0x156,350,0x15E,475,0x1DB,317,0x13D
MONSTER_CARNIVAL_DIED,CField_MonsterCarnival::OnProcessForDeath,,0x000,,0x000,,0x000,,0x000,,0x000,294,0x126,311,0x137,343,0x157,351,0x15F,476,0x1DC,318,0x13E
MONSTER_CARNIVAL_LEAVE,CField_MonsterCarnival::OnShowMemberOutMsg,,0x000,,0x000,,0x000,,0x000,,0x000,295,0x127,312,0x138,344,0x158,352,0x160,477,0x1DD,319,0x13F
MONSTER_CARNIVAL_RESULT,CField_MonsterCarnival::OnShowGameResult,,0x000,,0x000,,0x000,,0x000,,0x000,296,0x128,313,0x139,345,0x159,353,0x161,478,0x1DE,320,0x140
,,,0x000,,0x000,,0x000,,0x000,,0x000,,0x000,,0x000,,0x000,,0x000,479,0x1DF,,0x000
ARIANT_ARENA_USER_SCORE,CField_AriantArena::OnUserScore,,0x000,,0x000,,0x000,,0x000,,0x000,297,0x129,314,0x13A,346,0x15A,354,0x162,480,0x1E0,321,0x141
,,,0x000,,0x000,,0x000,,0x000,,0x000,298,0x12A,315,0x13B,,0x000,355,0x163,481,0x1E1,322,0x142
SHEEP_RANCH_INFO,CField_Battlefield::OnScoreUpdate,,0x000,,0x000,,0x000,,0x000,,0x000,299,0x12B,316,0x13C,347,0x15B,356,0x164,482,0x1E2,323,0x143
SHEEP_RANCH_CLOTHES,CField_Battlefield::OnTeamChanged,,0x000,,0x000,,0x000,,0x000,,0x000,300,0x12C,317,0x13D,348,0x15C,357,0x165,483,0x1E3,324,0x144
ARIANT_SCORE,CField_Witchtower::OnPacket,,0x000,,0x000,,0x000,,0x000,,0x000,,0x000,,0x000,349,0x15D,358,0x166,484,0x1E4,,0x000
,,,0x000,,0x000,,0x000,,0x000,,0x000,,0x000,,0x000,,0x000,,0x000,485,0x1E5,,0x000
HORNTAIL_CAVE,CField::OnHontailTimer,,0x000,,0x000,,0x000,,0x000,,0x000,301,0x12D,318,0x13E,350,0x15E,359,0x167,486,0x1E6,325,0x145
WITCH_TOWER_SCORE_UPDATE,CField_Witchtower::OnScoreUpdate,,0x000,,0x000,,0x000,,0x000,,0x000,302,0x12E,319,0x13F,,0x000,360,0x168,487,0x1E7,326,0x146
,,,0x000,,0x000,,0x000,,0x000,,0x000,,0x000,,0x000,,0x000,,0x000,488,0x1E8,,0x000
,,,0x000,,0x000,,0x000,,0x000,,0x000,,0x000,,0x000,,0x000,,0x000,489,0x1E9,,0x000
,,,0x000,,0x000,,0x000,,0x000,,0x000,,0x000,,0x000,,0x000,,0x000,490,0x1EA,,0x000
,,,0x000,,0x000,,0x000,,0x000,,0x000,,0x000,,0x000,,0x000,,0x000,491,0x1EB,,0x000
,,,0x000,,0x000,,0x000,,0x000,,0x000,,0x000,,0x000,,0x000,,0x000,492,0x1EC,,0x000
,,,0x000,,0x000,,0x000,,0x000,,0x000,,0x000,,0x000,,0x000,,0x000,493,0x1ED,,0x000
,,,0x000,,0x000,,0x000,,0x000,,0x000,,0x000,,0x000,,0x000,,0x000,494,0x1EE,,0x000
,,,0x000,,0x000,,0x000,,0x000,,0x000,,0x000,,0x000,,0x000,,0x000,495,0x1EF,,0x000
,,,0x000,,0x000,,0x000,,0x000,,0x000,,0x000,,0x000,,0x000,,0x000,496,0x1F0,,0x000
,,,0x000,,0x000,,0x000,,0x000,,0x000,,0x000,,0x000,,0x000,,0x000,497,0x1F1,,0x000
,,,0x000,,0x000,,0x000,,0x000,,0x000,,0x000,,0x000,,0x000,,0x000,498,0x1F2,,0x000
,,,0x000,,0x000,,0x000,,0x000,,0x000,,0x000,,0x000,,0x000,,0x000,499,0x1F3,,0x000
,,,0x000,,0x000,,0x000,,0x000,,0x000,,0x000,,0x000,,0x000,,0x000,500,0x1F4,,0x000
,,,0x000,,0x000,,0x000,,0x000,,0x000,,0x000,,0x000,,0x000,,0x000,501,0x1F5,,0x000
,,,0x000,,0x000,,0x000,,0x000,,0x000,,0x000,,0x000,,0x000,,0x000,502,0x1F6,,0x000
,,,0x000,,0x000,,0x000,,0x000,,0x000,,0x000,,0x000,,0x000,,0x000,503,0x1F7,,0x000
,,,0x000,,0x000,,0x000,,0x000,,0x000,,0x000,,0x000,,0x000,,0x000,504,0x1F8,,0x000
,,,0x000,,0x000,,0x000,,0x000,,0x000,,0x000,,0x000,,0x000,,0x000,505,0x1F9,,0x000
,CField::OnHontailTimer,,0x000,,0x000,,0x000,,0x000,,0x000,,0x000,,0x000,,0x000,361,0x169,506,0x1FA,,0x000
,,,0x000,,0x000,,0x000,,0x000,,0x000,,0x000,,0x000,,0x000,,0x000,507,0x1FB,,0x000
,,,0x000,,0x000,,0x000,,0x000,,0x000,,0x000,,0x000,,0x000,,0x000,508,0x1FC,,0x000
,,,0x000,,0x000,,0x000,,0x000,,0x000,,0x000,,0x000,,0x000,,0x000,509,0x1FD,,0x000
,,,0x000,,0x000,,0x000,,0x000,,0x000,,0x000,,0x000,,0x000,,0x000,510,0x1FE,,0x000
,,,0x000,,0x000,,0x000,,0x000,,0x000,,0x000,,0x000,,0x000,,0x000,511,0x1FF,,0x000
,,,0x000,,0x000,,0x000,,0x000,,0x000,,0x000,,0x000,,0x000,,0x000,512,0x200,,0x000
,,,0x000,,0x000,,0x000,,0x000,,0x000,,0x000,,0x000,,0x000,,0x000,513,0x201,,0x000
,,,0x000,,0x000,,0x000,,0x000,,0x000,,0x000,,0x000,,0x000,,0x000,514,0x202,,0x000
,,,0x000,,0x000,,0x000,,0x000,,0x000,,0x000,,0x000,,0x000,,0x000,515,0x203,,0x000
,,,0x000,,0x000,,0x000,,0x000,,0x000,,0x000,,0x000,,0x000,,0x000,516,0x204,,0x000
,,,0x000,,0x000,,0x000,,0x000,,0x000,,0x000,,0x000,,0x000,,0x000,517,0x205,,0x000
,,,0x000,,0x000,,0x000,,0x000,,0x000,,0x000,,0x000,,0x000,,0x000,518,0x206,,0x000
,,,0x000,,0x000,,0x000,,0x000,,0x000,,0x000,,0x000,,0x000,,0x000,519,0x207,,0x000
ZAKUM_SHRINE,CField::OnZakumTimer,161,0x0A1,,0x000,,0x000,,0x000,,0x000,303,0x12F,320,0x140,351,0x15F,362,0x16A,520,0x208,328,0x148
,,,0x000,,0x000,,0x000,,0x000,,0x000,,0x000,,0x000,352,0x160,,0x000,,0x000,,0x000
,,,0x000,,0x000,,0x000,,0x000,,0x000,,0x000,,0x000,353,0x161,,0x000,,0x000,,0x000
,,,0x000,,0x000,,0x000,,0x000,,0x000,,0x000,,0x000,354,0x162,,0x000,,0x000,,0x000
NPC_TALK,CScriptMan::OnPacket,163,0x0A3,,0x000,,0x000,,0x000,,0x000,304,0x130,321,0x141,355,0x163,363,0x16B,521,0x209,329,0x149
OPEN_NPC_SHOP,CShopDlg::OnPacket,166,0x0A6,,0x000,,0x000,,0x000,,0x000,305,0x131,322,0x142,356,0x164,364,0x16C,522,0x20A,330,0x14A
CONFIRM_SHOP_TRANSACTION,CShopDlg::OnPacket,167,0x0A7,,0x000,,0x000,,0x000,,0x000,306,0x132,323,0x143,357,0x165,365,0x16D,523,0x20B,331,0x14B
ADMIN_SHOP_MESSAGE,CAdminShopDlg::OnPacket,,0x000,,0x000,,0x000,,0x000,,0x000,307,0x133,324,0x144,358,0x166,366,0x16E,524,0x20C,332,0x14C
ADMIN_SHOP,CAdminShopDlg::OnPacket,,0x000,,0x000,,0x000,,0x000,,0x000,308,0x134,325,0x145,359,0x167,367,0x16F,525,0x20D,333,0x14D
STORAGE,CTrunkDlg::OnPacket,170,0x0AA,,0x000,,0x000,,0x000,,0x000,309,0x135,326,0x146,360,0x168,368,0x170,526,0x20E,334,0x14E
FREDRICK_MESSAGE,CStoreBankDlg::OnPacket,171,0x0AB,,0x000,,0x000,,0x000,,0x000,310,0x136,327,0x147,361,0x169,369,0x171,527,0x20F,335,0x14F
FREDRICK,CStoreBankDlg::OnPacket,,0x000,,0x000,,0x000,,0x000,,0x000,311,0x137,328,0x148,362,0x16A,370,0x172,528,0x210,336,0x150
RPS_GAME,CRPSGameDlg::OnPacket,,0x000,,0x000,,0x000,,0x000,,0x000,312,0x138,329,0x149,363,0x16B,371,0x173,529,0x211,337,0x151
MESSENGER,CUIMessenger::OnPacket,174,0x0AE,,0x000,,0x000,,0x000,,0x000,313,0x139,330,0x14A,364,0x16C,372,0x174,530,0x212,338,0x152
PLAYER_INTERACTION,CMiniRoomBaseDlg::OnPacketBase,177,0x0B1,,0x000,,0x000,,0x000,,0x000,314,0x13A,331,0x14B,365,0x16D,373,0x175,531,0x213,339,0x153
TOURNAMENT,CField_Tournament::OnTournament,180,0x0B4,,0x000,,0x000,,0x000,,0x000,315,0x13B,332,0x14C,366,0x16E,374,0x176,532,0x214,340,0x154
TOURNAMENT_MATCH_TABLE,CField_Tournament::OnTournamentMatchTable,181,0x0B5,,0x000,,0x000,,0x000,,0x000,316,0x13C,333,0x14D,367,0x16F,375,0x177,533,0x215,341,0x155
TOURNAMENT_SET_PRIZE,CField_Tournament::OnTournamentSetPrize,182,0x0B6,,0x000,,0x000,,0x000,,0x000,317,0x13D,334,0x14E,368,0x170,376,0x178,534,0x216,342,0x156
TOURNAMENT_UEW,CField_Tournament::OnTournamentUEW,183,0x0B7,,0x000,,0x000,,0x000,,0x000,318,0x13E,335,0x14F,369,0x171,377,0x179,535,0x217,343,0x157
TOURNAMENT_CHARACTERS,CField_Tournament::OnPacket,184,0x0B8,,0x000,,0x000,,0x000,,0x000,319,0x13F,336,0x150,370,0x172,378,0x17A,536,0x218,344,0x158
WEDDING_PROGRESS,CField_Wedding::OnWeddingProgress,,0x000,,0x000,,0x000,,0x000,,0x000,320,0x140,337,0x151,371,0x173,379,0x17B,537,0x219,345,0x159
WEDDING_CEREMONY_END,CField_Wedding::OnWeddingCeremonyEnd,,0x000,,0x000,,0x000,,0x000,,0x000,321,0x141,338,0x152,372,0x174,380,0x17C,538,0x21A,346,0x15A
TIP_BEANS,,,0x000,,0x000,,0x000,,0x000,,0x000,,0x000,,0x000,,0x000,,0x000,,0x000,347,0x15B
OPEN_BEANS,,,0x000,,0x000,,0x000,,0x000,,0x000,,0x000,,0x000,,0x000,,0x000,,0x000,348,0x15C
SHOOT_BEANS,,,0x000,,0x000,,0x000,,0x000,,0x000,,0x000,,0x000,,0x000,,0x000,,0x000,349,0x15D
SOMETHING_BEANS,,,0x000,,0x000,,0x000,,0x000,,0x000,,0x000,,0x000,,0x000,,0x000,,0x000,350,0x15E
UPDATE_BEANS,,,0x000,,0x000,,0x000,,0x000,,0x000,,0x000,,0x000,,0x000,,0x000,,0x000,351,0x15F
PARCEL,CParcelDlg::OnPacket,,0x000,,0x000,,0x000,,0x000,,0x000,322,0x142,339,0x153,373,0x175,381,0x17D,539,0x21B,352,0x160
CHARGE_PARAM_RESULT,CCashShop::OnChargeParamResult,188,0x0BC,,0x000,,0x000,,0x000,,0x000,323,0x143,340,0x154,374,0x176,382,0x17E,540,0x21C,353,0x161
,,,0x000,,0x000,,0x000,,0x000,,0x000,,0x000,,0x000,,0x000,,0x000,,0x000,354,0x162
QUERY_CASH_RESULT,CCashShop::OnQueryCashResult,189,0x0BD,,0x000,,0x000,,0x000,,0x000,324,0x144,341,0x155,375,0x177,383,0x17F,541,0x21D,355,0x163
CASHSHOP_OPERATION,CCashShop::OnCashItemResult,190,0x0BE,,0x000,,0x000,,0x000,,0x000,325,0x145,342,0x156,376,0x178,384,0x180,542,0x21E,356,0x164
CASHSHOP_PURCHASE_EXP_CHANGED,CCashShop::OnPurchaseExpChanged,,0x000,,0x000,,0x000,,0x000,,0x000,326,0x146,343,0x157,377,0x179,385,0x181,543,0x21F,357,0x165
CASHSHOP_GIFT_INFO_RESULT,CCashShop::OnGiftMateInfoResult,,0x000,,0x000,,0x000,,0x000,,0x000,327,0x147,344,0x158,378,0x17A,386,0x182,544,0x220,358,0x166
CASHSHOP_CHECK_NAME_CHANGE,CCashShop::OnCheckDuplicatedIDResult,,0x000,,0x000,,0x000,,0x000,,0x000,328,0x148,345,0x159,379,0x17B,387,0x183,545,0x221,,0x000
CASHSHOP_CHECK_NAME_CHANGE_POSSIBLE_RESULT,CCashShop::OnCheckNameChangePossibleResult,,0x000,,0x000,,0x000,,0x000,,0x000,329,0x149,346,0x15A,380,0x17C,388,0x184,546,0x222,,0x000
CASHSHOP_REGISTER_NEW_CHARACTER_RESULT,,,0x000,,0x000,,0x000,,0x000,,0x000,330,0x14A,347,0x15B,381,0x17D,389,0x185,547,0x223,,0x000
CASHSHOP_CHECK_TRANSFER_WORLD_POSSIBLE_RESULT,CCashShop::OnCheckTransferWorldPossibleResult,,0x000,,0x000,,0x000,,0x000,,0x000,331,0x14B,348,0x15C,382,0x17E,390,0x186,548,0x224,364,0x16C
CASHSHOP_GACHAPON_STAMP_RESULT,CCashShop::OnCashShopGachaponStampResult,,0x000,,0x000,,0x000,,0x000,,0x000,332,0x14C,349,0x15D,383,0x17F,391,0x187,549,0x225,363,0x16B
,,,0x000,,0x000,,0x000,,0x000,,0x000,,0x000,,0x000,,0x000,,0x000,550,0x226,,0x000
CASHSHOP_CASH_ITEM_GACHAPON_RESULT,CCashShop::OnCashItemGachaponResult,,0x000,,0x000,,0x000,,0x000,,0x000,333,0x14D,350,0x15E,384,0x180,392,0x188,551,0x227,365,0x16D
CASHSHOP_CASH_GACHAPON_OPEN_RESULT,CCashShop::OnCashItemGachaponResult,,0x000,,0x000,,0x000,,0x000,,0x000,334,0x14E,351,0x15F,385,0x181,393,0x189,552,0x228,,0x000
,,,0x000,,0x000,,0x000,,0x000,,0x000,,0x000,352,0x160,386,0x182,394,0x18A,553,0x229,,0x000
ONE_A_DAY,CCashShop::OnOneADay,,0x000,,0x000,,0x000,,0x000,,0x000,,0x000,353,0x161,387,0x183,395,0x18B,554,0x22A,,0x000
,CCashShop::OnNoticeFreeCashItem,,0x000,,0x000,,0x000,,0x000,,0x000,,0x000,354,0x162,388,0x184,396,0x18C,555,0x22B,,0x000
,,,0x000,,0x000,,0x000,,0x000,,0x000,,0x000,,0x000,,0x000,,0x000,556,0x22C,,0x000
,,,0x000,,0x000,,0x000,,0x000,,0x000,,0x000,,0x000,,0x000,397,0x18D,557,0x22D,,0x000
KEYMAP,CFuncKeyMappedMan::OnInit,,0x000,,0x000,,0x000,,0x000,,0x000,335,0x14F,355,0x163,389,0x185,398,0x18E,558,0x22E,368,0x170
,,,0x000,,0x000,,0x000,,0x000,,0x000,,0x000,,0x000,,0x000,,0x000,559,0x22F,,0x000
AUTO_HP_POT,CFuncKeyMappedMan::OnPetConsumeItemInit,,0x000,,0x000,,0x000,,0x000,,0x000,336,0x150,356,0x164,390,0x186,399,0x18F,560,0x230,369,0x171
AUTO_MP_POT,CFuncKeyMappedMan::OnPetConsumeMPItemInit,,0x000,,0x000,,0x000,,0x000,,0x000,337,0x151,357,0x165,391,0x187,400,0x190,561,0x231,370,0x172
,,,0x000,,0x000,,0x000,,0x000,,0x000,338,0x152,358,0x166,392,0x188,401,0x191,562,0x232,,0x000
,,,0x000,,0x000,,0x000,,0x000,,0x000,339,0x153,359,0x167,393,0x189,402,0x192,563,0x233,,0x000
,,,0x000,,0x000,,0x000,,0x000,,0x000,340,0x154,360,0x168,394,0x18A,403,0x193,564,0x234,,0x000
,,,0x000,,0x000,,0x000,,0x000,,0x000,,0x000,361,0x169,395,0x18B,404,0x194,565,0x235,,0x000
,,,0x000,,0x000,,0x000,,0x000,,0x000,,0x000,,0x000,,0x000,,0x000,566,0x236,,0x000
SEND_TV,CMapleTVMan::OnSetMessage,,0x000,,0x000,,0x000,,0x000,,0x000,341,0x155,362,0x16A,396,0x18C,405,0x195,567,0x237,378,0x17A
REMOVE_TV,CMapleTVMan::OnClearMessage,,0x000,,0x000,,0x000,,0x000,,0x000,342,0x156,363,0x16B,397,0x18D,406,0x196,568,0x238,379,0x17B
ENABLE_TV,CMapleTVMan::OnSendMessageResult,,0x000,,0x000,,0x000,,0x000,,0x000,343,0x157,364,0x16C,398,0x18E,407,0x197,569,0x239,380,0x17C
,,,0x000,,0x000,,0x000,,0x000,,0x000,344,0x158,365,0x16D,399,0x18F,408,0x198,,0x000,,0x000
,,,0x000,,0x000,,0x000,,0x000,,0x000,345,0x159,366,0x16E,400,0x190,409,0x199,,0x000,,0x000
,,,0x000,,0x000,,0x000,,0x000,,0x000,346,0x15A,367,0x16F,401,0x191,410,0x19A,,0x000,,0x000
MTS_OPERATION2,CField::OnCharacterSale,,0x000,,0x000,,0x000,,0x000,,0x000,347,0x15B,368,0x170,402,0x192,411,0x19B,,0x000,,0x000
MTS_OPERATION,CField::OnCharacterSale,,0x000,,0x000,,0x000,,0x000,,0x000,348,0x15C,369,0x171,403,0x193,412,0x19C,,0x000,,0x000
MAPLELIFE_RESULT,CUICharacterSaleDlg::OnCheckDuplicatedIDResult,,0x000,,0x000,,0x000,,0x000,,0x000,349,0x15D,370,0x172,404,0x194,413,0x19D,,0x000,,0x000
MAPLELIFE_ERROR,CUICharacterSaleDlg::OnCreateNewCharacterResult,,0x000,,0x000,,0x000,,0x000,,0x000,350,0x15E,371,0x173,405,0x195,414,0x19E,,0x000,,0x000
,,,0x000,,0x000,,0x000,,0x000,,0x000,351,0x15F,372,0x174,406,0x196,415,0x19F,,0x000,,0x000
,,,0x000,,0x000,,0x000,,0x000,,0x000,352,0x160,373,0x175,407,0x197,416,0x1A0,,0x000,,0x000
,,,0x000,,0x000,,0x000,,0x000,,0x000,353,0x161,374,0x176,408,0x198,417,0x1A1,,0x000,,0x000
,,,0x000,,0x000,,0x000,,0x000,,0x000,,0x000,,0x000,,0x000,418,0x1A2,,0x000,,0x000
,,,0x000,,0x000,,0x000,,0x000,,0x000,,0x000,,0x000,,0x000,419,0x1A3,,0x000,,0x000
,,,0x000,,0x000,,0x000,,0x000,,0x000,,0x000,,0x000,,0x000,420,0x1A4,,0x000,,0x000
,CBattleRecordMan::OnDotDamageInfo,,0x000,,0x000,,0x000,,0x000,,0x000,,0x000,,0x000,,0x000,421,0x1A5,,0x000,,0x000
,CBattleRecordMan::OnServerOnCalcRequestResult,,0x000,,0x000,,0x000,,0x000,,0x000,,0x000,,0x000,,0x000,422,0x1A6,,0x000,,0x000
,,,0x000,,0x000,,0x000,,0x000,,0x000,,0x000,,0x000,,0x000,423,0x1A7,,0x000,,0x000
,,,0x000,,0x000,,0x000,,0x000,,0x000,,0x000,,0x000,,0x000,424,0x1A8,,0x000,,0x000
VICIOUS_HAMMER,CField::OnItemUpgrade,,0x000,,0x000,,0x000,,0x000,,0x000,354,0x162,375,0x177,409,0x199,425,0x1A9,,0x000,,0x000
,,,0x000,,0x000,,0x000,,0x000,,0x000,355,0x163,376,0x178,410,0x19A,426,0x1AA,,0x000,,0x000
,,,0x000,,0x000,,0x000,,0x000,,0x000,,0x000,,0x000,,0x000,427,0x1AB,,0x000,,0x000
,,,0x000,,0x000,,0x000,,0x000,,0x000,357,0x165,378,0x17A,415,0x19F,428,0x1AC,,0x000,,0x000
VEGA_SCROLL,CUIVega::OnVegaResult,,0x000,,0x000,,0x000,,0x000,,0x000,358,0x166,379,0x17B,416,0x1A0,429,0x1AD,595,0x253,387,0x183
,,,0x000,,0x000,,0x000,,0x000,,0x000,359,0x167,380,0x17C,417,0x1A1,430,0x1AE,,0x000,,0x000
,,,0x000,,0x000,,0x000,,0x000,,0x000,360,0x168,381,0x17D,418,0x1A2,431,0x1AF,,0x000,,0x000
CONFIRM_LOGOUT_GIFT,,,0x000,,0x000,,0x000,,0x000,,0x000,,0x000,,0x000,,0x000,432,0x1B0,598,0x256,390,0x186
,,,0x000,,0x000,,0x000,,0x000,,0x000,,0x000,,0x000,,0x000,,0x000,,0x000,,0x000
,,,0x000,,0x000,,0x000,,0x000,,0x000,,0x000,,0x000,,0x000,,0x000,,0x000,,0x000